,cause_set_version_id,cause_set_id,cause_set_name,cause_id,level,acause,cause_name,cause_medium,cause_short,parent_id,acause_parent,path_to_top_parent,sort_order,cause_outline,is_estimate,most_detailed,male,female,yll_only,yll_age_start,yll_age_end,yld_only,yld_age_start,yld_age_end,lancet_label,is_estimate_cod,shock_cause,excluded_from_correction
1,655,3,GBD reporting,294,0,_all,All causes,All causes,All causes,294,_all,294,1,Total,0,0,1,1,NA,0,95,NA,0,95,All causes,0,0,0
2,655,3,GBD reporting,295,1,_comm,"Communicable, maternal, neonatal, and nutritional diseases",Group I,Group I,294,_all,"294,295",2,A,0,0,1,1,NA,0,95,NA,0,95,"Communicable, maternal, neonatal, and nutritional diseases",0,0,0
3,655,3,GBD reporting,955,2,_hiv_std,HIV/AIDS and sexually transmitted infections,HIV/AIDS & STIs,HIV/AIDS+STIs,295,_comm,"294,295,955",3,A.1,0,0,1,1,NA,0,95,NA,0,95,HIV/AIDS and sexually transmitted infections,0,0,0
4,655,3,GBD reporting,298,3,hiv,HIV/AIDS,HIV/AIDS,HIV,955,_hiv_std,"294,295,955,298",4,A.1.1,1,0,1,1,NA,0.1,95,NA,0,95,HIV/AIDS,1,0,0
5,655,3,GBD reporting,948,4,hiv_tb_other,HIV/AIDS - Drug-susceptible Tuberculosis,Drug-susceptible HIV/AIDS - TB,Drug-Sus HIV-TB,298,hiv,"294,295,955,298,948",5,A.1.1.1,1,1,1,1,NA,0.1,95,NA,0,95,HIV/AIDS - Drug-susceptible Tuberculosis,1,0,0
6,655,3,GBD reporting,949,4,hiv_tb_mdr,HIV/AIDS - Multidrug-resistant Tuberculosis without extensive drug resistance,MDR-HIV/AIDS-TB without XDR,MDR-HIV-TB,298,hiv,"294,295,955,298,949",6,A.1.1.2,1,1,1,1,NA,0.1,95,NA,0,95,HIV/AIDS - Multidrug-resistant Tuberculosis without extensive drug resistance,1,0,0
7,655,3,GBD reporting,950,4,hiv_tb_xdr,HIV/AIDS - Extensively drug-resistant Tuberculosis,XDR HIV/AIDS-TB,XDR-HIV-TB,298,hiv,"294,295,955,298,950",7,A.1.1.3,1,1,1,1,NA,0.1,95,NA,0,95,HIV/AIDS - Extensively drug-resistant Tuberculosis,1,0,0
8,655,3,GBD reporting,300,4,hiv_other,HIV/AIDS resulting in other diseases,HIV/AIDS other,Oth HIV,298,hiv,"294,295,955,298,300",8,A.1.1.4,1,1,1,1,NA,0.1,95,NA,0,95,HIV/AIDS resulting in other diseases,1,0,0
9,655,3,GBD reporting,393,3,std,Sexually transmitted infections excluding HIV,STIs,STI,955,_hiv_std,"294,295,955,393",9,A.1.2,1,0,1,1,NA,0,95,NA,0,95,Sexually transmitted infections excluding HIV,1,0,0
10,655,3,GBD reporting,394,4,std_syphilis,Syphilis,Syphilis,Syphilis,393,std,"294,295,955,393,394",10,A.1.2.1,1,1,1,1,NA,0,95,NA,0,95,Syphilis,1,0,0
11,655,3,GBD reporting,395,4,std_chlamydia,Chlamydial infection,Chlamydia,Chlamydia,393,std,"294,295,955,393,395",11,A.1.2.2,1,1,1,1,NA,10,95,NA,10,95,Chlamydial infection,1,0,0
12,655,3,GBD reporting,396,4,std_gonnorhea,Gonococcal infection,Gonorrhea,Gonorrhea,393,std,"294,295,955,393,396",12,A.1.2.3,1,1,1,1,NA,10,95,NA,10,95,Gonorrhoea,1,0,0
13,655,3,GBD reporting,397,4,std_tricho,Trichomoniasis,Trichomoniasis,Trich,393,std,"294,295,955,393,397",13,A.1.2.4,1,1,1,1,NA,NA,NA,1,10,95,Trichomoniasis,0,0,0
14,655,3,GBD reporting,398,4,std_herpes,Genital herpes,Genital herpes,Herpes,393,std,"294,295,955,393,398",14,A.1.2.5,1,1,1,1,NA,NA,NA,1,0,95,Genital herpes,0,0,0
15,655,3,GBD reporting,399,4,std_other,Other sexually transmitted infections,Other STIs,Oth STI,393,std,"294,295,955,393,399",15,A.1.2.6,1,1,1,1,NA,10,95,NA,10,95,Other sexually transmitted infections,1,0,0
16,655,3,GBD reporting,956,2,_ri,Respiratory infections and tuberculosis,Respiratory infections & TB,Resp+TB,295,_comm,"294,295,956",16,A.2,0,0,1,1,NA,0,95,NA,0,95,Respiratory infections and tuberculosis,0,0,0
17,655,3,GBD reporting,297,3,tb,Tuberculosis,Tuberculosis,TB,956,_ri,"294,295,956,297",17,A.2.1,1,0,1,1,NA,0.1,95,NA,0,95,Tuberculosis,1,0,0
18,655,3,GBD reporting,954,4,tb_latent,Latent tuberculosis infection,Latent TB infection,LTBI,297,tb,"294,295,956,297,954",18,A.2.1.1,1,1,1,1,NA,NA,NA,1,0,95,Latent tuberculosis infection,0,0,0
19,655,3,GBD reporting,934,4,tb_other,Drug-susceptible tuberculosis,Drug-susceptible TB,Drug-Sus TB,297,tb,"294,295,956,297,934",19,A.2.1.2,1,1,1,1,NA,0.1,95,NA,0,95,Drug-susceptible tuberculosis,1,0,0
20,655,3,GBD reporting,946,4,tb_mdr,Multidrug-resistant tuberculosis without extensive drug resistance,MDR-TB without XDR,MDR-TB,297,tb,"294,295,956,297,946",20,A.2.1.3,1,1,1,1,NA,0.1,95,NA,0,95,Multidrug-resistant tuberculosis without extensive drug resistance,1,0,0
21,655,3,GBD reporting,947,4,tb_xdr,Extensively drug-resistant tuberculosis,XDR-TB only,XDR-TB,297,tb,"294,295,956,297,947",21,A.2.1.4,1,1,1,1,NA,0.1,95,NA,0,95,Extensively drug-resistant tuberculosis,1,0,0
22,655,3,GBD reporting,322,3,lri,Lower respiratory infections,Lower respiratory infect,LRI,956,_ri,"294,295,956,322",22,A.2.2,1,1,1,1,NA,0,95,NA,0,95,Lower respiratory infections,1,0,0
23,655,3,GBD reporting,328,3,uri,Upper respiratory infections,Upper respiratory infect,URI,956,_ri,"294,295,956,328",23,A.2.3,1,1,1,1,NA,0,95,NA,0,95,Upper respiratory infections,1,0,0
24,655,3,GBD reporting,329,3,otitis,Otitis media,Otitis media,Otitis,956,_ri,"294,295,956,329",24,A.2.4,1,1,1,1,NA,0,95,NA,0,95,Otitis media,1,0,0
25,655,3,GBD reporting,1048,3,lri_corona,COVID-19,COVID-19,COVID-19,956,_ri,"2,942,959,561,048",25,A.2.5,1,1,1,1,NA,0,95,NA,0,95,COVID-19,1,2,0
26,655,3,GBD reporting,957,2,_enteric_all,Enteric infections,Enteric infections,Enteric Infect,295,_comm,"294,295,957",26,A.3,0,0,1,1,NA,0,95,NA,0,95,Enteric infections,0,0,0
27,655,3,GBD reporting,302,3,diarrhea,Diarrheal diseases,Diarrheal diseases,Diarrhea,957,_enteric_all,"294,295,957,302",27,A.3.1,1,1,1,1,NA,0,95,NA,0,95,Diarrhoeal diseases,1,1,0
28,655,3,GBD reporting,958,3,intest_typhpartyph,Typhoid and paratyphoid,Typhoid & paratyph,Typh + Paratyph,957,_enteric_all,"294,295,957,958",28,A.3.2,0,0,1,1,NA,0.01,95,NA,0,95,Typhoid and paratyphoid,0,0,0
29,655,3,GBD reporting,319,4,intest_typhoid,Typhoid fever,Typhoid fever,Typhoid,958,intest_typhpartyph,"294,295,957,958,319",29,A.3.2.1,1,1,1,1,NA,0.01,95,NA,0,95,Typhoid fever,1,0,0
30,655,3,GBD reporting,320,4,intest_paratyph,Paratyphoid fever,Paratyphoid fever,Paratyph,958,intest_typhpartyph,"294,295,957,958,320",30,A.3.2.2,1,1,1,1,NA,0.01,95,NA,0,95,Paratyphoid fever,1,0,0
31,655,3,GBD reporting,959,3,intest_ints,Invasive Non-typhoidal Salmonella (iNTS),iNTS,iNTS,957,_enteric_all,"294,295,957,959",31,A.3.3,1,1,1,1,NA,0.01,95,NA,0.01,95,Invasive non-typhoidal Salmonella (iNTS),1,0,0
32,655,3,GBD reporting,321,3,intest_other,Other intestinal infectious diseases,Other intestinal infect,Oth Intest,957,_enteric_all,"294,295,957,321",32,A.3.5,1,1,1,1,NA,0.01,95,NA,0.01,95,Other intestinal infectious diseases,1,0,0
33,655,3,GBD reporting,344,2,_ntd,Neglected tropical diseases and malaria,NTDs & malaria,NTD+Malaria,295,_comm,"294,295,344",33,A.4,0,0,1,1,NA,0,95,NA,0,95,Neglected tropical diseases and malaria,0,0,0
34,655,3,GBD reporting,345,3,malaria,Malaria,Malaria,Malaria,344,_ntd,"294,295,344,345",34,A.4.1,1,1,1,1,NA,0,95,NA,0,95,Malaria,1,1,0
35,655,3,GBD reporting,346,3,ntd_chagas,Chagas disease,Chagas disease,Chagas,344,_ntd,"294,295,344,346",35,A.4.2,1,1,1,1,NA,0.1,95,NA,0,95,Chagas disease,1,0,0
36,655,3,GBD reporting,347,3,ntd_leish,Leishmaniasis,Leishmaniasis,Leish,344,_ntd,"294,295,344,347",36,A.4.3,1,0,1,1,NA,0.1,95,NA,0.1,95,Leishmaniasis,0,0,0
37,655,3,GBD reporting,348,4,ntd_leish_visc,Visceral leishmaniasis,Visceral leishmaniasis,Vis Leish,347,ntd_leish,"294,295,344,347,348",37,A.4.3.1,1,1,1,1,NA,0.1,95,NA,0.1,95,Visceral leishmaniasis,1,0,0
38,655,3,GBD reporting,349,4,ntd_leish_cut,Cutaneous and mucocutaneous leishmaniasis,Cutaneous leishmaniasis,Cut Leish,347,ntd_leish,"294,295,344,347,349",38,A.4.3.2,1,1,1,1,NA,NA,95,1,0.5,95,Cutaneous and mucocutaneous leishmaniasis,0,0,0
39,655,3,GBD reporting,350,3,ntd_afrtryp,African trypanosomiasis,African trypanosomiasis,Afr Tryp,344,_ntd,"294,295,344,350",39,A.4.4,1,1,1,1,NA,2,95,NA,2,95,African trypanosomiasis,1,0,0
40,655,3,GBD reporting,351,3,ntd_schisto,Schistosomiasis,Schistosomiasis,Schisto,344,_ntd,"294,295,344,351",40,A.4.5,1,1,1,1,NA,0.5,95,NA,0.5,95,Schistosomiasis,1,0,0
41,655,3,GBD reporting,352,3,ntd_cysticer,Cysticercosis,Cysticercosis,Cysticer,344,_ntd,"294,295,344,352",41,A.4.6,1,1,1,1,NA,2,95,NA,2,95,Cysticercosis,1,0,0
42,655,3,GBD reporting,353,3,ntd_echino,Cystic echinococcosis,Cystic echinococcosis,Echino,344,_ntd,"294,295,344,353",42,A.4.7,1,1,1,1,NA,2,95,NA,2,95,Cystic echinococcosis,1,0,0
43,655,3,GBD reporting,354,3,ntd_lf,Lymphatic filariasis,Lymphatic filariasis,LF,344,_ntd,"294,295,344,354",43,A.4.8,1,1,1,1,NA,NA,NA,1,2,95,Lymphatic filariasis,0,0,0
44,655,3,GBD reporting,355,3,ntd_oncho,Onchocerciasis,Onchocerciasis,Oncho,344,_ntd,"294,295,344,355",44,A.4.9,1,1,1,1,NA,NA,NA,1,2,95,Onchocerciasis,0,0,0
45,655,3,GBD reporting,356,3,ntd_trachoma,Trachoma,Trachoma,Trachoma,344,_ntd,"294,295,344,356",45,A.4.10,1,1,1,1,NA,NA,NA,1,15,95,Trachoma,0,0,0
46,655,3,GBD reporting,357,3,ntd_dengue,Dengue,Dengue,Dengue,344,_ntd,"294,295,344,357",46,A.4.11,1,1,1,1,NA,0.01,95,NA,0.01,95,Dengue,1,1,0
47,655,3,GBD reporting,358,3,ntd_yellowfever,Yellow fever,Yellow fever,Yellow Fev,344,_ntd,"294,295,344,358",47,A.4.12,1,1,1,1,NA,0.01,95,NA,0,95,Yellow fever,1,0,0
48,655,3,GBD reporting,359,3,ntd_rabies,Rabies,Rabies,Rabies,344,_ntd,"294,295,344,359",48,A.4.13,1,1,1,1,NA,0.1,95,NA,0.1,95,Rabies,1,0,0
49,655,3,GBD reporting,360,3,ntd_nema,Intestinal nematode infections,Intestinal nematode,Nematode,344,_ntd,"294,295,344,360",49,A.4.14,0,0,1,1,NA,0.1,95,NA,0.1,95,Intestinal nematode infections,0,0,0
50,655,3,GBD reporting,361,4,ntd_nema_ascar,Ascariasis,Ascariasis,Ascaria,360,ntd_nema,"294,295,344,360,361",50,A.4.14.1,1,1,1,1,NA,0.1,95,NA,0.1,95,Ascariasis,1,0,0
51,655,3,GBD reporting,362,4,ntd_nema_trichur,Trichuriasis,Trichuriasis,Trichuria,360,ntd_nema,"294,295,344,360,362",51,A.4.14.2,1,1,1,1,NA,NA,NA,1,0.1,95,Trichuriasis,0,0,0
52,655,3,GBD reporting,363,4,ntd_nema_hook,Hookworm disease,Hookworm disease,Hookworm,360,ntd_nema,"294,295,344,360,363",52,A.4.14.3,1,1,1,1,NA,NA,NA,1,0.1,95,Hookworm disease,0,0,0
53,655,3,GBD reporting,364,3,ntd_foodborne,Food-borne trematodiases,Food-borne trematodiases,FB Trema,344,_ntd,"294,295,344,364",53,A.4.15,1,1,1,1,NA,NA,NA,1,2,95,Food-borne trematodiases,0,0,0
54,655,3,GBD reporting,405,3,leprosy,Leprosy,Leprosy,Leprosy,344,_ntd,"294,295,344,405",54,A.4.16,1,1,1,1,NA,NA,NA,1,2,95,Leprosy,0,0,0
55,655,3,GBD reporting,843,3,ntd_ebola,Ebola,Ebola,Ebola,344,_ntd,"294,295,344,843",55,A.4.17,1,1,1,1,NA,0,95,NA,0,95,Ebola virus disease,1,2,0
56,655,3,GBD reporting,935,3,ntd_zika,Zika virus,Zika virus,Zika,344,_ntd,"294,295,344,935",56,A.4.18,1,1,1,1,NA,0,95,NA,0,95,Zika virus disease,1,0,0
57,655,3,GBD reporting,936,3,ntd_guinea,Guinea worm disease,Guinea worm,GWD,344,_ntd,"294,295,344,936",57,A.4.19,1,1,1,1,NA,NA,NA,1,2,95,Guinea worm disease,0,0,0
58,655,3,GBD reporting,365,3,ntd_other,Other neglected tropical diseases,Other NTDs,Oth NTD,344,_ntd,"294,295,344,365",58,A.4.20,1,1,1,1,NA,0,95,NA,0,95,Other neglected tropical diseases,1,0,0
59,655,3,GBD reporting,961,2,_infect,Other infectious diseases,Other infectious,Other+Diseases,295,_comm,"294,295,961",59,A.5,0,0,1,1,NA,0,95,NA,0,95,Other infectious diseases,0,0,0
60,655,3,GBD reporting,332,3,meningitis,Meningitis,Meningitis,Meningitis,961,_infect,"294,295,961,332",60,A.5.1,1,1,1,1,NA,0,95,NA,0,95,Meningitis,1,1,0
61,655,3,GBD reporting,337,3,encephalitis,Encephalitis,Encephalitis,Encepha,961,_infect,"294,295,961,337",61,A.5.2,1,1,1,1,NA,0,95,NA,0,95,Encephalitis,1,0,0
62,655,3,GBD reporting,338,3,diptheria,Diphtheria,Diphtheria,Diphtheria,961,_infect,"294,295,961,338",62,A.5.3,1,1,1,1,NA,0.1,55,NA,0.1,55,Diphtheria,1,0,0
63,655,3,GBD reporting,339,3,whooping,Pertussis,Pertussis,Pertussis,961,_infect,"294,295,961,339",63,A.5.4,1,1,1,1,NA,0.1,55,NA,0.1,55,Pertussis,1,0,0
64,655,3,GBD reporting,340,3,tetanus,Tetanus,Tetanus,Tetanus,961,_infect,"294,295,961,340",64,A.5.5,1,1,1,1,NA,0,95,NA,0,95,Tetanus,1,0,0
65,655,3,GBD reporting,341,3,measles,Measles,Measles,Measles,961,_infect,"294,295,961,341",65,A.5.6,1,1,1,1,NA,0.5,60,NA,0.5,60,Measles,1,1,0
66,655,3,GBD reporting,342,3,varicella,Varicella and herpes zoster,Varicella,Varicella,961,_infect,"294,295,961,342",66,A.5.7,1,1,1,1,NA,0,95,NA,0,95,Varicella and herpes zoster,1,0,0
67,655,3,GBD reporting,400,3,hepatitis,Acute hepatitis,Acute hepatitis,Hep,961,_infect,"294,295,961,400",67,A.5.8,1,0,1,1,NA,0.1,95,NA,0,95,Acute hepatitis,1,0,0
68,655,3,GBD reporting,401,4,hepatitis_a,Acute hepatitis A,Acute hepatitis A,Hep A,400,hepatitis,"294,295,961,400,401",68,A.5.8.1,1,1,1,1,NA,0.1,95,NA,0,95,Acute hepatitis A,1,0,0
69,655,3,GBD reporting,402,4,hepatitis_b,Acute hepatitis B,Acute hepatitis B,Hep B,400,hepatitis,"294,295,961,400,402",69,A.5.8.2,1,1,1,1,NA,0.1,95,NA,0,95,Acute hepatitis B,1,0,0
70,655,3,GBD reporting,403,4,hepatitis_c,Acute hepatitis C,Acute hepatitis C,Hep C,400,hepatitis,"294,295,961,400,403",70,A.5.8.3,1,1,1,1,NA,0.1,95,NA,0,95,Acute hepatitis C,1,0,0
71,655,3,GBD reporting,404,4,hepatitis_e,Acute hepatitis E,Acute hepatitis E,Hep E,400,hepatitis,"294,295,961,400,404",71,A.5.8.4,1,1,1,1,NA,0.1,95,NA,0,95,Acute hepatitis E,1,0,0
72,655,3,GBD reporting,408,3,infectious,Other unspecified infectious diseases,Other unspecified infectious,Oth Un Inf,961,_infect,"294,295,961,408",72,A.5.9,1,1,1,1,NA,0,95,NA,0,95,Other unspecified infectious diseases,1,1,0
73,655,3,GBD reporting,962,2,mater_neonat,Maternal and neonatal disorders,Maternal & neonatal,Mat+Neonat,295,_comm,"294,295,962",73,A.6,0,0,1,1,NA,0,50,NA,0,95,Maternal and neonatal disorders,0,0,0
74,655,3,GBD reporting,366,3,maternal,Maternal disorders,Maternal disorders,Maternal,962,mater_neonat,"294,295,962,366",74,A.6.1,1,0,0,1,NA,10,50,NA,10,95,Maternal disorders,0,0,0
75,655,3,GBD reporting,367,4,maternal_hem,Maternal hemorrhage,Maternal hemorrhage,Mat Hem,366,maternal,"294,295,962,366,367",75,A.6.1.1,1,1,0,1,NA,10,50,NA,10,50,Maternal haemorrhage,1,0,1
76,655,3,GBD reporting,368,4,maternal_sepsis,Maternal sepsis and other maternal infections,Maternal sepsis,Mat Sepsis,366,maternal,"294,295,962,366,368",76,A.6.1.2,1,1,0,1,NA,10,50,NA,10,50,Maternal sepsis and other maternal infections,1,0,1
77,655,3,GBD reporting,369,4,maternal_htn,Maternal hypertensive disorders,Maternal hypertension,Mat HTN,366,maternal,"294,295,962,366,369",77,A.6.1.3,1,1,0,1,NA,10,50,NA,10,95,Maternal hypertensive disorders,1,0,1
78,655,3,GBD reporting,370,4,maternal_obstruct,Maternal obstructed labor and uterine rupture,Obstructed labor,Obst Labor,366,maternal,"294,295,962,366,370",78,A.6.1.4,1,1,0,1,NA,10,50,NA,10,95,Maternal obstructed labour and uterine rupture,1,0,1
79,655,3,GBD reporting,995,4,maternal_abort_mis,Maternal abortion and miscarriage,Maternal abortion miscarriage,Mat Abort,366,maternal,"294,295,962,366,995",79,A.6.1.5,1,1,0,1,NA,10,50,NA,10,50,Maternal abortion and miscarriage,1,0,1
80,655,3,GBD reporting,374,4,maternal_abort_ectopic,Ectopic pregnancy,Ectopic pregnancy,Ectopic Preg,366,maternal,"294,295,962,366,374",80,A.6.1.6,1,1,0,1,NA,10,50,NA,10,50,Ectopic pregnancy,1,0,0
81,655,3,GBD reporting,375,4,maternal_indirect,Indirect maternal deaths,Maternal indirect,Mat Indir,366,maternal,"294,295,962,366,375",81,A.6.1.7,1,1,0,1,1,10,50,NA,NA,NA,Indirect maternal deaths,1,0,1
82,655,3,GBD reporting,376,4,maternal_late,Late maternal deaths,Maternal late,Mat Late,366,maternal,"294,295,962,366,376",82,A.6.1.8,1,1,0,1,1,10,50,NA,NA,NA,Late maternal deaths,1,0,1
83,655,3,GBD reporting,741,4,maternal_hiv,Maternal deaths aggravated by HIV/AIDS,Maternal HIV,Mat HIV,366,maternal,"294,295,962,366,741",83,A.6.1.9,1,1,0,1,1,10,50,NA,NA,NA,Maternal deaths aggravated by HIV/AIDS,1,0,1
84,655,3,GBD reporting,379,4,maternal_other,Other direct maternal disorders,Other maternal disorders,Oth Mat,366,maternal,"294,295,962,366,379",84,A.6.1.10,1,1,0,1,NA,10,50,NA,10,50,Other direct maternal disorders,1,0,1
85,655,3,GBD reporting,380,3,neonatal,Neonatal disorders,Neonatal disorders,Neonatal,962,mater_neonat,"294,295,962,380",85,A.6.2,1,0,1,1,NA,0,2,NA,0,95,Neonatal disorders,1,0,0
86,655,3,GBD reporting,381,4,neonatal_preterm,Neonatal preterm birth,Neonatal preterm birth,NN Preterm,380,neonatal,"294,295,962,380,381",86,A.6.2.1,1,1,1,1,NA,0,2,NA,0,95,Neonatal preterm birth,1,0,0
87,655,3,GBD reporting,382,4,neonatal_enceph,Neonatal encephalopathy due to birth asphyxia and trauma,Neonatal encephalopathy,NN Enceph,380,neonatal,"294,295,962,380,382",87,A.6.2.2,1,1,1,1,NA,0,2,NA,0,95,Neonatal encephalopathy due to birth asphyxia and trauma,1,0,0
88,655,3,GBD reporting,383,4,neonatal_sepsis,Neonatal sepsis and other neonatal infections,Neonatal sepsis,NN Sepsis,380,neonatal,"294,295,962,380,383",88,A.6.2.3,1,1,1,1,NA,0,2,NA,0,95,Neonatal sepsis and other neonatal infections,1,0,0
89,655,3,GBD reporting,384,4,neonatal_hemolytic,Hemolytic disease and other neonatal jaundice,Neonatal hemolytic,NN Hemol,380,neonatal,"294,295,962,380,384",89,A.6.2.4,1,1,1,1,NA,0,2,NA,0,95,Hemolytic disease and other neonatal jaundice,1,0,0
90,655,3,GBD reporting,385,4,neonatal_other,Other neonatal disorders,Other neonatal,Oth NN,380,neonatal,"294,295,962,380,385",90,A.6.2.5,1,1,1,1,NA,0,2,NA,0,95,Other neonatal disorders,1,0,0
91,655,3,GBD reporting,386,2,nutrition,Nutritional deficiencies,Nutritional deficiencies,Nutr Def,295,_comm,"294,295,386",91,A.7,1,0,1,1,NA,0.1,95,NA,0,95,Nutritional deficiencies,1,0,0
92,655,3,GBD reporting,387,3,nutrition_pem,Protein-energy malnutrition,Protein-energy malnutrition,PEM,386,nutrition,"294,295,386,387",92,A.7.1,1,1,1,1,NA,0.1,95,NA,0,95,Protein-energy malnutrition,1,1,0
93,655,3,GBD reporting,388,3,nutrition_iodine,Iodine deficiency,Iodine deficiency,Iodine,386,nutrition,"294,295,386,388",93,A.7.2,1,1,1,1,NA,NA,NA,1,0,95,Iodine deficiency,0,0,0
94,655,3,GBD reporting,389,3,nutrition_vitamina,Vitamin A deficiency,Vitamin A deficiency,Vit A,386,nutrition,"294,295,386,389",94,A.7.3,1,1,1,1,NA,NA,NA,1,0,95,Vitamin A deficiency,0,0,0
95,655,3,GBD reporting,390,3,nutrition_iron,Dietary iron deficiency,Dietary iron deficiency,Iron,386,nutrition,"294,295,386,390",95,A.7.4,1,1,1,1,NA,NA,NA,1,0,95,Dietary iron deficiency,0,0,0
96,655,3,GBD reporting,391,3,nutrition_other,Other nutritional deficiencies,Other nutritional,Oth Nutr,386,nutrition,"294,295,386,391",96,A.7.5,1,1,1,1,NA,0.1,95,NA,0.1,95,Other nutritional deficiencies,1,0,0
97,655,3,GBD reporting,409,1,_ncd,Non-communicable diseases,Non-communicable,NCD,294,_all,"294,409",97,B,0,0,1,1,NA,0,95,NA,0,95,Non-communicable diseases,0,0,0
98,655,3,GBD reporting,410,2,_neo,Neoplasms,Neoplasms,Neoplasms,409,_ncd,"294,409,410",98,B.1,0,0,1,1,NA,0,95,NA,0,95,Neoplasms,0,0,0
99,655,3,GBD reporting,444,3,neo_mouth,Lip and oral cavity cancer,Lip oral cavity cancer,Lip Oral C,410,_neo,"294,409,410,444",99,B.1.1,1,1,1,1,NA,15,95,NA,15,95,Lip and oral cavity cancer,1,0,0
100,655,3,GBD reporting,447,3,neo_nasopharynx,Nasopharynx cancer,Nasopharynx cancer,Nasoph C,410,_neo,"294,409,410,447",100,B.1.2,1,1,1,1,NA,5,95,NA,5,95,Nasopharynx cancer,1,0,0
101,655,3,GBD reporting,450,3,neo_otherpharynx,Other pharynx cancer,Other pharynx cancer,Oth Phar C,410,_neo,"294,409,410,450",101,B.1.3,1,1,1,1,NA,20,95,NA,20,95,Other pharynx cancer,1,0,0
102,655,3,GBD reporting,411,3,neo_esophageal,Esophageal cancer,Esophageal cancer,Esophag C,410,_neo,"294,409,410,411",102,B.1.4,1,1,1,1,NA,20,95,NA,20,95,Oesophageal cancer,1,0,0
103,655,3,GBD reporting,414,3,neo_stomach,Stomach cancer,Stomach cancer,Stomach C,410,_neo,"294,409,410,414",103,B.1.5,1,1,1,1,NA,15,95,NA,15,95,Stomach cancer,1,0,0
104,655,3,GBD reporting,441,3,neo_colorectal,Colon and rectum cancer,Colorectal cancer,Colorect C,410,_neo,"294,409,410,441",104,B.1.6,1,1,1,1,NA,15,95,NA,15,95,Colon and rectum cancer,1,0,0
105,655,3,GBD reporting,417,3,neo_liver,Liver cancer,Liver cancer,Liver C,410,_neo,"294,409,410,417",105,B.1.7,1,0,1,1,NA,0,95,NA,0,95,Liver cancer,0,0,0
106,655,3,GBD reporting,418,4,neo_liver_hepb,Liver cancer due to hepatitis B,Liver cancer hepatitis B,Liver C HepB,417,neo_liver,"294,409,410,417,418",106,B.1.7.1,1,1,1,1,NA,10,95,NA,10,95,Liver cancer due to hepatitis B,1,0,0
107,655,3,GBD reporting,419,4,neo_liver_hepc,Liver cancer due to hepatitis C,Liver cancer hepatitis C,Liver C HepC,417,neo_liver,"294,409,410,417,419",107,B.1.7.2,1,1,1,1,NA,10,95,NA,10,95,Liver cancer due to hepatitis C,1,0,0
108,655,3,GBD reporting,420,4,neo_liver_alcohol,Liver cancer due to alcohol use,Liver cancer alcohol,Liver C Alc,417,neo_liver,"294,409,410,417,420",108,B.1.7.3,1,1,1,1,NA,15,95,NA,15,95,Liver cancer due to alcohol use,1,0,0
109,655,3,GBD reporting,996,4,neo_liver_nash,Liver cancer due to NASH,Liver cancer due to NASH,Liver C NASH,417,neo_liver,"294,409,410,417,996",109,B.1.7.4,1,1,1,1,NA,15,95,NA,15,95,Liver cancer due to NASH,1,0,0
110,655,3,GBD reporting,1005,4,neo_liver_hbl,Hepatoblastoma,Hepatoblastoma,Liver C HBL,417,neo_liver,"2,944,094,104,171,000",110,B.1.7.5,1,1,1,1,NA,0,5,NA,0,5,Hepatoblastoma,1,0,0
111,655,3,GBD reporting,421,4,neo_liver_other,Liver cancer due to other causes,Liver cancer other,Oth Liver C,417,neo_liver,"294,409,410,417,421",111,B.1.7.6,1,1,1,1,NA,10,95,NA,10,95,Liver cancer due to other causes,1,0,0
112,655,3,GBD reporting,453,3,neo_gallbladder,Gallbladder and biliary tract cancer,Gallbladder cancer,Gallblad C,410,_neo,"294,409,410,453",112,B.1.8,1,1,1,1,NA,20,95,NA,20,95,Gallbladder and biliary tract cancer,1,0,0
113,655,3,GBD reporting,456,3,neo_pancreas,Pancreatic cancer,Pancreatic cancer,Pancreas C,410,_neo,"294,409,410,456",113,B.1.9,1,1,1,1,NA,15,95,NA,15,95,Pancreatic cancer,1,0,0
114,655,3,GBD reporting,423,3,neo_larynx,Larynx cancer,Larynx cancer,Larynx C,410,_neo,"294,409,410,423",114,B.1.10,1,1,1,1,NA,20,95,NA,20,95,Larynx cancer,1,0,0
115,655,3,GBD reporting,426,3,neo_lung,"Tracheal, bronchus, and lung cancer",Lung cancer,Lung C,410,_neo,"294,409,410,426",115,B.1.11,1,1,1,1,NA,15,95,NA,15,95,"Tracheal, bronchus, and lung cancer",1,0,0
116,655,3,GBD reporting,459,3,neo_melanoma,Malignant skin melanoma,Melanoma,Melanoma,410,_neo,"294,409,410,459",116,B.1.12,1,1,1,1,NA,15,95,NA,15,95,Malignant skin melanoma,1,0,0
117,655,3,GBD reporting,462,3,neo_nmsc,Non-melanoma skin cancer,Skin cancer,Skin C,410,_neo,"294,409,410,462",117,B.1.13,0,0,1,1,NA,20,95,NA,20,95,Non-melanoma skin cancer,0,0,0
118,655,3,GBD reporting,849,4,neo_nmsc_scc,Non-melanoma skin cancer (squamous-cell carcinoma),Skin cancer SCC,SCC,462,neo_nmsc,"294,409,410,462,849",118,B.1.13.1,1,1,1,1,NA,20,95,NA,20,95,Non-melanoma skin cancer (squamous-cell carcinoma),1,0,0
119,655,3,GBD reporting,850,4,neo_nmsc_bcc,Non-melanoma skin cancer (basal-cell carcinoma),Skin cancer BCC,BCC,462,neo_nmsc,"294,409,410,462,850",119,B.1.13.2,1,1,1,1,NA,NA,NA,1,20,95,Non-melanoma skin cancer (basal-cell carcinoma),0,0,0
120,655,3,GBD reporting,1011,3,neo_tissue_sarcoma,Soft tissue and other extraosseous sarcomas,Soft tissue and other extraosseous sarcomas,Tissue Sarcoma C,410,_neo,"2,944,094,101,011",120,B.1.14,1,1,1,1,NA,0,95,NA,0,95,Soft tissue and other extraosseous sarcomas,1,0,0
121,655,3,GBD reporting,1012,3,neo_bone,Malignant neoplasm of bone and articular cartilage,Malignant neoplasm of bone & articular cartilage,M Bone+Cartilage,410,_neo,"2,944,094,101,012",121,B.1.15,1,1,1,1,NA,1,95,NA,1,95,Malignant neoplasm of bone and articular cartilage,1,0,0
122,655,3,GBD reporting,429,3,neo_breast,Breast cancer,Breast cancer,Breast C,410,_neo,"294,409,410,429",122,B.1.16,1,1,1,1,NA,15,95,NA,15,95,Breast cancer,1,0,0
123,655,3,GBD reporting,432,3,neo_cervical,Cervical cancer,Cervical cancer,Cervix C,410,_neo,"294,409,410,432",123,B.1.17,1,1,0,1,NA,15,95,NA,15,95,Cervical cancer,1,0,0
124,655,3,GBD reporting,435,3,neo_uterine,Uterine cancer,Uterine cancer,Uterus C,410,_neo,"294,409,410,435",124,B.1.18,1,1,0,1,NA,20,95,NA,20,95,Uterine cancer,1,0,0
125,655,3,GBD reporting,465,3,neo_ovarian,Ovarian cancer,Ovarian cancer,Ovary C,410,_neo,"294,409,410,465",125,B.1.19,1,1,0,1,NA,15,95,NA,15,95,Ovarian cancer,1,0,0
126,655,3,GBD reporting,438,3,neo_prostate,Prostate cancer,Prostate cancer,Prostate C,410,_neo,"294,409,410,438",126,B.1.20,1,1,1,0,NA,20,95,NA,20,95,Prostate cancer,1,0,0
127,655,3,GBD reporting,468,3,neo_testicular,Testicular cancer,Testicular cancer,Testis C,410,_neo,"294,409,410,468",127,B.1.21,1,1,1,0,NA,15,95,NA,15,95,Testicular cancer,1,0,0
128,655,3,GBD reporting,471,3,neo_kidney,Kidney cancer,Kidney cancer,Kidney C,410,_neo,"294,409,410,471",128,B.1.22,1,1,1,1,NA,0,95,NA,0,95,Kidney cancer,1,0,0
129,655,3,GBD reporting,474,3,neo_bladder,Bladder cancer,Bladder cancer,Bladder C,410,_neo,"294,409,410,474",129,B.1.23,1,1,1,1,NA,15,95,NA,15,95,Bladder cancer,1,0,0
130,655,3,GBD reporting,477,3,neo_brain,Brain and central nervous system cancer,Brain cancer,Brain C,410,_neo,"294,409,410,477",130,B.1.24,1,1,1,1,NA,0,95,NA,0,95,Brain and central nervous system cancer,1,0,0
131,655,3,GBD reporting,1008,3,neo_eye,Eye cancer,Eye cancer,Eye C,410,_neo,"2,944,094,101,008",131,B.1.25,1,0,1,1,NA,0,95,NA,0,95,Eye cancer,0,0,0
132,655,3,GBD reporting,1009,4,neo_eye_rb,Retinoblastoma,Retinoblastoma,Eye C RB,1008,neo_eye,"29,440,941,010,081,000",132,B.1.25.1,1,1,1,1,NA,0,5,NA,0,5,Retinoblastoma,1,0,0
133,655,3,GBD reporting,1010,4,neo_eye_other,Other eye cancers,Other eye cancers,Other Eye,1008,neo_eye,"29,440,941,010,081,000",133,B.1.25.2,1,1,1,1,NA,10,95,NA,10,95,Other eye cancers,1,0,0
134,655,3,GBD reporting,1013,3,neo_neuro,Neuroblastoma and other peripheral nervous cell tumors,Neuroblastoma and other PN tumors,Neuroblastoma,410,_neo,"2,944,094,101,013",134,B.1.26,1,1,1,1,NA,0,95,NA,0,95,Neuroblastoma and other peripheral nervous cell tumours,1,0,0
135,655,3,GBD reporting,480,3,neo_thyroid,Thyroid cancer,Thyroid cancer,Thyroid C,410,_neo,"294,409,410,480",135,B.1.27,1,1,1,1,NA,5,95,NA,5,95,Thyroid cancer,1,0,0
136,655,3,GBD reporting,483,3,neo_meso,Mesothelioma,Mesothelioma,Mesothel,410,_neo,"294,409,410,483",136,B.1.28,1,1,1,1,NA,20,95,NA,20,95,Mesothelioma,1,0,0
137,655,3,GBD reporting,484,3,neo_hodgkins,Hodgkin lymphoma,Hodgkin lymphoma,Hodgkin,410,_neo,"294,409,410,484",137,B.1.29,1,1,1,1,NA,2,95,NA,2,95,Hodgkin lymphoma,1,0,0
138,655,3,GBD reporting,485,3,neo_lymphoma,Non-Hodgkin lymphoma,Lymphoma,Lymphoma,410,_neo,"294,409,410,485",138,B.1.30,1,0,1,1,NA,1,95,NA,1,95,Non-Hodgkin lymphoma,1,0,0
139,655,3,GBD reporting,1006,4,neo_lymphoma_burkitt,Burkitt lymphoma,Burkitt lymphoma,Burkitt,485,neo_lymphoma,"2,944,094,104,851,000",139,B.1.30.1,1,1,1,1,NA,1,95,NA,1,95,Burkitt lymphoma,1,0,0
140,655,3,GBD reporting,1007,4,neo_lymphoma_other,Other non-Hodgkin lymphoma,Other lymphoma,Oth Lymphoma,485,neo_lymphoma,"2,944,094,104,851,000",140,B.1.30.2,1,1,1,1,NA,1,95,NA,1,95,Other non-Hodgkin lymphoma,1,0,0
141,655,3,GBD reporting,486,3,neo_myeloma,Multiple myeloma,Myeloma,Myeloma,410,_neo,"294,409,410,486",141,B.1.31,1,1,1,1,NA,20,95,NA,20,95,Multiple myeloma,1,0,0
142,655,3,GBD reporting,487,3,neo_leukemia,Leukemia,Leukemia,Leukemia,410,_neo,"294,409,410,487",142,B.1.32,1,0,1,1,NA,0,95,NA,0,95,Leukaemia,1,0,0
143,655,3,GBD reporting,845,4,neo_leukemia_ll_acute,Acute lymphoid leukemia,Acute lymphoid leukemia,ALL,487,neo_leukemia,"294,409,410,487,845",143,B.1.32.1,1,1,1,1,NA,0,95,NA,0,95,Acute lymphoid leukaemia,1,0,0
144,655,3,GBD reporting,846,4,neo_leukemia_ll_chronic,Chronic lymphoid leukemia,Chronic lymphoid leukemia,CLL,487,neo_leukemia,"294,409,410,487,846",144,B.1.32.2,1,1,1,1,NA,20,95,NA,20,95,Chronic lymphoid leukaemia,1,0,0
145,655,3,GBD reporting,847,4,neo_leukemia_ml_acute,Acute myeloid leukemia,Acute myeloid leukemia,AML,487,neo_leukemia,"294,409,410,487,847",145,B.1.32.3,1,1,1,1,NA,0,95,NA,0,95,Acute myeloid leukaemia,1,0,0
146,655,3,GBD reporting,848,4,neo_leukemia_ml_chronic,Chronic myeloid leukemia,Chronic myeloid leukemia,CML,487,neo_leukemia,"294,409,410,487,848",146,B.1.32.4,1,1,1,1,NA,0,95,NA,0,95,Chronic myeloid leukaemia,1,0,0
147,655,3,GBD reporting,943,4,neo_leukemia_other,Other leukemia,Other leukemia,Oth Leukemia,487,neo_leukemia,"294,409,410,487,943",147,B.1.32.5,1,1,1,1,NA,0,95,NA,0,95,Other leukaemia,1,0,0
148,655,3,GBD reporting,489,3,neo_other_cancer,Other malignant neoplasms,Other malignant neoplasms,Other MN,410,_neo,"294,409,410,489",148,B.1.33,1,1,1,1,NA,0,95,NA,0,95,Other malignant neoplasms,1,0,0
149,655,3,GBD reporting,490,3,neo_other_benign,Other neoplasms,Other neoplasms,Other Neo,410,_neo,"294,409,410,490",149,B.1.34,1,0,1,1,NA,0,95,NA,0,95,Other neoplasms,0,0,0
150,655,3,GBD reporting,964,4,neo_ben_blood,"Myelodysplastic, myeloproliferative, and other hematopoietic neoplasms","MDS, MPN, & hematop",MDS+MPN,490,neo_other_benign,"294,409,410,490,964",150,B.1.34.1,1,1,1,1,NA,0,95,NA,0,95,"Myelodysplastic, myeloproliferative, and other hematopoietic neoplasms",1,0,0
151,655,3,GBD reporting,965,4,neo_ben_intest,Benign and in situ intestinal neoplasms,Intestinal benign,Intest NMN,490,neo_other_benign,"294,409,410,490,965",151,B.1.34.2,1,1,1,1,NA,NA,NA,1,0.5,95,Benign and in situ intestinal neoplasms,0,0,0
152,655,3,GBD reporting,966,4,neo_ben_utr,Benign and in situ cervical and uterine neoplasms,Cervical & uterine benign,Cervix NMN,490,neo_other_benign,"294,409,410,490,966",152,B.1.34.3,1,1,0,1,NA,NA,NA,1,0.5,95,Benign and in situ cervical and uterine neoplasms,0,0,0
153,655,3,GBD reporting,967,4,neo_ben_other,Other benign and in situ neoplasms,Other benign,Oth NMN,490,neo_other_benign,"294,409,410,490,967",153,B.1.34.4,1,1,1,1,NA,0.1,95,NA,0.1,95,Other benign and in situ neoplasms,1,0,0
154,655,3,GBD reporting,491,2,cvd,Cardiovascular diseases,Cardiovascular diseases,CVD,409,_ncd,"294,409,491",154,B.2,1,0,1,1,NA,0,95,NA,0,95,Cardiovascular diseases,1,0,0
155,655,3,GBD reporting,492,3,cvd_rhd,Rheumatic heart disease,Rheumatic heart disease,RHD,491,cvd,"294,409,491,492",155,B.2.1,1,1,1,1,NA,1,95,NA,1,95,Rheumatic heart disease,1,0,0
156,655,3,GBD reporting,493,3,cvd_ihd,Ischemic heart disease,Ischemic heart disease,IHD,491,cvd,"294,409,491,493",156,B.2.2,1,1,1,1,NA,15,95,NA,15,95,Ischaemic heart disease,1,0,0
157,655,3,GBD reporting,494,3,cvd_stroke,Stroke,Stroke,Stroke,491,cvd,"294,409,491,494",157,B.2.3,1,0,1,1,NA,0,95,NA,0,95,Stroke,1,0,0
158,655,3,GBD reporting,495,4,cvd_stroke_isch,Ischemic stroke,Ischemic stroke,Ischemic stroke,494,cvd_stroke,"294,409,491,494,495",158,B.2.3.1,1,1,1,1,NA,0,95,NA,0,95,Ischaemic stroke,1,0,0
159,655,3,GBD reporting,496,4,cvd_stroke_cerhem,Intracerebral hemorrhage,Intracerebral hem,ICH,494,cvd_stroke,"294,409,491,494,496",159,B.2.3.2,1,1,1,1,NA,0,95,NA,0,95,Intracerebral haemorrhage,1,0,0
160,655,3,GBD reporting,497,4,cvd_stroke_subhem,Subarachnoid hemorrhage,Subarachnoid hem,SAH,494,cvd_stroke,"294,409,491,494,497",160,B.2.3.3,1,1,1,1,NA,0,95,NA,0,95,Subarachnoid haemorrhage,1,0,0
161,655,3,GBD reporting,498,3,cvd_htn,Hypertensive heart disease,Hypertensive heart disease,HHD,491,cvd,"294,409,491,498",161,B.2.4,1,1,1,1,NA,15,95,NA,15,95,Hypertensive heart disease,1,0,0
162,655,3,GBD reporting,504,3,cvd_valvu,Non-rheumatic valvular heart disease,Nonrheum valv diseases,Non-rheum valve HD,491,cvd,"294,409,491,504",162,B.2.5,1,0,1,1,NA,15,95,NA,15,95,Non-rheumatic valvular heart disease,1,0,0
163,655,3,GBD reporting,968,4,cvd_valvu_aort,Non-rheumatic calcific aortic valve disease,Nonrheum cal aort val,CAVD,504,cvd_valvu,"294,409,491,504,968",163,B.2.5.1,1,1,1,1,NA,15,95,NA,15,95,Non-rheumatic calcific aortic valve disease,1,0,0
164,655,3,GBD reporting,969,4,cvd_valvu_mitral,Non-rheumatic degenerative mitral valve disease,Nonrheum degen mit val,DMVD,504,cvd_valvu,"294,409,491,504,969",164,B.2.5.2,1,1,1,1,NA,15,95,NA,15,95,Non-rheumatic degenerative mitral valve disease,1,0,0
165,655,3,GBD reporting,970,4,cvd_valvu_other,Other non-rheumatic valve diseases,Other nonrheum valve,Other valvular,504,cvd_valvu,"294,409,491,504,970",165,B.2.5.3,1,1,1,1,NA,15,95,NA,15,95,Other non-rheumatic valve diseases,1,0,0
166,655,3,GBD reporting,499,3,cvd_cmp,Cardiomyopathy and myocarditis,Cardiomyopathy,CMP & myoc,491,cvd,"294,409,491,499",166,B.2.6,1,0,1,1,NA,0,95,NA,0,95,Cardiomyopathy and myocarditis,1,0,0
167,655,3,GBD reporting,942,4,cvd_cmp_myocarditis,Myocarditis,Myocarditis,Myocarditis,499,cvd_cmp,"294,409,491,499,942",167,B.2.6.1,1,1,1,1,NA,0,95,NA,0,95,Myocarditis,1,0,0
168,655,3,GBD reporting,938,4,cvd_cmp_alcoholic,Alcoholic cardiomyopathy,Alcoholic cardiomyopathy,Alcohol CMP,499,cvd_cmp,"294,409,491,499,938",168,B.2.6.2,1,1,1,1,NA,15,95,NA,15,95,Alcoholic cardiomyopathy,1,0,0
169,655,3,GBD reporting,944,4,cvd_cmp_other,Other cardiomyopathy,Other cardiomyopathy,Other CMP,499,cvd_cmp,"294,409,491,499,944",169,B.2.6.3,1,1,1,1,NA,0,95,NA,0,95,Other cardiomyopathy,1,0,0
170,655,3,GBD reporting,1004,3,cvd_pah,Pulmonary Arterial Hypertension,PAH,PAH,491,cvd,"2,944,094,911,004",170,B.2.7,1,1,1,1,NA,0,95,NA,0,95,Pulmonary Arterial Hypertension,1,0,0
171,655,3,GBD reporting,500,3,cvd_afib,Atrial fibrillation and flutter,Atrial fibrillation,Afib,491,cvd,"294,409,491,500",171,B.2.8,1,1,1,1,NA,30,95,NA,30,95,Atrial fibrillation and flutter,1,0,0
172,655,3,GBD reporting,501,3,cvd_aortic,Aortic aneurysm,Aortic aneurysm,Aort aneur,491,cvd,"294,409,491,501",172,B.2.9,1,1,1,1,1,15,95,NA,NA,NA,Aortic aneurysm,1,0,0
173,655,3,GBD reporting,502,3,cvd_pvd,Lower extremity peripheral arterial disease,Peripheral artery,PAD,491,cvd,"294,409,491,502",173,B.2.10,1,1,1,1,NA,40,95,NA,40,95,Lower extremity peripheral arterial disease,1,0,0
174,655,3,GBD reporting,503,3,cvd_endo,Endocarditis,Endocarditis,Endocard,491,cvd,"294,409,491,503",174,B.2.11,1,1,1,1,NA,0,95,NA,0,95,Endocarditis,1,0,0
175,655,3,GBD reporting,507,3,cvd_other,Other cardiovascular and circulatory diseases,Other cardiovascular,Other CVD,491,cvd,"294,409,491,507",175,B.2.12,1,1,1,1,NA,0,95,NA,0,95,Other cardiovascular and circulatory diseases,1,0,0
176,655,3,GBD reporting,508,2,resp,Chronic respiratory diseases,Chronic respiratory,Chr Resp,409,_ncd,"294,409,508",176,B.3,1,0,1,1,NA,0,95,NA,0,95,Chronic respiratory diseases,1,0,0
177,655,3,GBD reporting,509,3,resp_copd,Chronic obstructive pulmonary disease,COPD,COPD,508,resp,"294,409,508,509",177,B.3.1,1,1,1,1,NA,15,95,NA,15,95,Chronic obstructive pulmonary disease,1,0,0
178,655,3,GBD reporting,510,3,resp_pneum,Pneumoconiosis,Pneumoconiosis,Pneumocon,508,resp,"294,409,508,510",178,B.3.2,1,0,1,1,NA,15,95,NA,15,95,Pneumoconiosis,1,0,0
179,655,3,GBD reporting,511,4,resp_pneum_silico,Silicosis,Silicosis,Silicosis,510,resp_pneum,"294,409,508,510,511",179,B.3.2.1,1,1,1,1,NA,15,95,NA,15,95,Silicosis,1,0,0
180,655,3,GBD reporting,512,4,resp_pneum_asbest,Asbestosis,Asbestosis,Asbestosis,510,resp_pneum,"294,409,508,510,512",180,B.3.2.2,1,1,1,1,NA,15,95,NA,15,95,Asbestosis,1,0,0
181,655,3,GBD reporting,513,4,resp_pneum_coal,Coal workers pneumoconiosis,Coal workers,Coal W,510,resp_pneum,"294,409,508,510,513",181,B.3.2.3,1,1,1,1,NA,15,95,NA,15,95,Coal workers pneumoconiosis,1,0,0
182,655,3,GBD reporting,514,4,resp_pneum_other,Other pneumoconiosis,Other pneumoconiosis,Oth Pneum,510,resp_pneum,"294,409,508,510,514",182,B.3.2.4,1,1,1,1,NA,15,95,NA,15,95,Other pneumoconiosis,1,0,0
183,655,3,GBD reporting,515,3,resp_asthma,Asthma,Asthma,Asthma,508,resp,"294,409,508,515",183,B.3.3,1,1,1,1,NA,1,95,NA,1,95,Asthma,1,0,0
184,655,3,GBD reporting,516,3,resp_interstitial,Interstitial lung disease and pulmonary sarcoidosis,Interstitial lung disease,ILD,508,resp,"294,409,508,516",184,B.3.4,1,1,1,1,NA,2,95,NA,2,95,Interstitial lung disease and pulmonary sarcoidosis,1,0,0
185,655,3,GBD reporting,520,3,resp_other,Other chronic respiratory diseases,Other chronic respiratory,Oth Resp,508,resp,"294,409,508,520",185,B.3.5,1,1,1,1,NA,0,95,NA,0,95,Other chronic respiratory diseases,1,0,0
186,655,3,GBD reporting,526,2,digest,Digestive diseases,Digestive diseases,Digestive,409,_ncd,"294,409,526",186,B.4,1,0,1,1,NA,0,95,NA,0,95,Digestive diseases,1,0,0
187,655,3,GBD reporting,521,3,cirrhosis,Cirrhosis and other chronic liver diseases,Cirrhosis liver,Cirrhosis liver,526,digest,"294,409,526,521",187,B.4.1,1,0,1,1,NA,1,95,NA,0,95,Cirrhosis and other chronic liver diseases,1,0,0
188,655,3,GBD reporting,522,4,cirrhosis_hepb,Chronic hepatitis B including cirrhosis,Chronic hepatitis B,Chronic HBV,521,cirrhosis,"294,409,526,521,522",188,B.4.1.1,1,1,1,1,NA,1,95,NA,0,95,Chronic hepatitis B including cirrhosis,1,0,0
189,655,3,GBD reporting,523,4,cirrhosis_hepc,Chronic hepatitis C including cirrhosis,Chronic hepatitis C,Chronic HCV,521,cirrhosis,"294,409,526,521,523",189,B.4.1.2,1,1,1,1,NA,1,95,NA,0,95,Chronic hepatitis C including cirrhosis,1,0,0
190,655,3,GBD reporting,524,4,cirrhosis_alcohol,Cirrhosis due to alcohol,Cirrhosis alcohol,Cirr Alc,521,cirrhosis,"294,409,526,521,524",190,B.4.1.3,1,1,1,1,NA,15,95,NA,15,95,Cirrhosis due to alcohol,1,0,0
191,655,3,GBD reporting,971,4,cirrhosis_nash,Nonalcoholic fatty liver disease including cirrhosis,NAFLD including cirrhosis,NAFLD incl Cirr,521,cirrhosis,"294,409,526,521,971",191,B.4.1.4,1,1,1,1,NA,15,95,NA,15,95,Nonalcoholic fatty liver disease including cirrhosis,1,0,0
192,655,3,GBD reporting,525,4,cirrhosis_other,Cirrhosis due to other causes,Cirrhosis other,Cirr Other,521,cirrhosis,"294,409,526,521,525",192,B.4.1.5,1,1,1,1,NA,1,95,NA,0,95,Cirrhosis due to other causes,1,0,0
193,655,3,GBD reporting,992,3,digest_upper,Upper digestive system diseases,Upper digest diseases,Upper Digest,526,digest,"294,409,526,992",193,B.4.2,1,0,1,1,NA,0.5,95,NA,0.5,95,Upper digestive system diseases,1,0,0
194,655,3,GBD reporting,527,4,digest_pud,Peptic ulcer disease,Peptic ulcer disease,PUD,992,digest_upper,"294,409,526,992,527",194,B.4.2.1,1,1,1,1,NA,0.5,95,NA,0.5,95,Peptic ulcer disease,1,0,0
195,655,3,GBD reporting,528,4,digest_gastritis,Gastritis and duodenitis,Gastritis & duodenitis,Gastritis,992,digest_upper,"294,409,526,992,528",195,B.4.2.2,1,1,1,1,NA,0.5,95,NA,0.5,95,Gastritis and duodenitis,1,0,0
196,655,3,GBD reporting,536,4,digest_gerd,Gastroesophageal reflux disease,Gastro reflux disease,GERD,992,digest_upper,"294,409,526,992,536",196,B.4.2.3,1,1,1,1,NA,NA,NA,1,0.5,95,GERD,0,0,0
197,655,3,GBD reporting,529,3,digest_appendicitis,Appendicitis,Appendicitis,Appendicit,526,digest,"294,409,526,529",197,B.4.3,1,1,1,1,NA,1,95,NA,1,95,Appendicitis,1,0,0
198,655,3,GBD reporting,530,3,digest_ileus,Paralytic ileus and intestinal obstruction,Ileus & obstruction,Ileus,526,digest,"294,409,526,530",198,B.4.4,1,1,1,1,NA,0,95,NA,0,95,Paralytic ileus and intestinal obstruction,1,0,0
199,655,3,GBD reporting,531,3,digest_hernia,"Inguinal, femoral, and abdominal hernia",Hernia,Hernia,526,digest,"294,409,526,531",199,B.4.5,1,1,1,1,NA,0,95,NA,0,95,"Inguinal, femoral, and abdominal hernia",1,0,0
200,655,3,GBD reporting,532,3,digest_ibd,Inflammatory bowel disease,Inflammatory bowel,IBD,526,digest,"294,409,526,532",200,B.4.6,1,1,1,1,NA,2,95,NA,2,95,Inflammatory bowel disease,1,0,0
201,655,3,GBD reporting,533,3,digest_vascular,Vascular intestinal disorders,Vascular intestinal,Vasc Intest,526,digest,"294,409,526,533",201,B.4.7,1,1,1,1,NA,2,95,NA,2,95,Vascular intestinal disorders,1,0,0
202,655,3,GBD reporting,534,3,digest_bile,Gallbladder and biliary diseases,Gallbladder & biliary,Gall Bile,526,digest,"294,409,526,534",202,B.4.8,1,1,1,1,NA,2,95,NA,2,95,Gallbladder and biliary diseases,1,0,0
203,655,3,GBD reporting,535,3,digest_pancreatitis,Pancreatitis,Pancreatitis,Pancreatit,526,digest,"294,409,526,535",203,B.4.9,1,1,1,1,NA,2,95,NA,2,95,Pancreatitis,1,0,0
204,655,3,GBD reporting,541,3,digest_other,Other digestive diseases,Other digestive,Oth Digest,526,digest,"294,409,526,541",204,B.4.10,1,1,1,1,NA,1,95,NA,1,95,Other digestive diseases,1,0,0
205,655,3,GBD reporting,542,2,_neuro,Neurological disorders,Neurological disorders,Neuro,409,_ncd,"294,409,542",205,B.5,0,0,1,1,NA,0,95,NA,0,95,Neurological disorders,0,0,0
206,655,3,GBD reporting,543,3,neuro_dementia,Alzheimer's disease and other dementias,Alzheimer's disease,Alzheimer's,542,_neuro,"294,409,542,543",206,B.5.1,1,1,1,1,NA,40,95,NA,40,95,Alzheimer's disease and other dementias,1,0,0
207,655,3,GBD reporting,544,3,neuro_parkinsons,Parkinson's disease,Parkinson's disease,Parkinson's,542,_neuro,"294,409,542,544",207,B.5.2,1,1,1,1,NA,20,95,NA,20,95,Parkinson's disease,1,0,0
208,655,3,GBD reporting,545,3,neuro_epilepsy,Idiopathic epilepsy,Idiopathic epilepsy,Idiopathic epilepsy,542,_neuro,"294,409,542,545",208,B.5.3,1,1,1,1,NA,0,95,NA,0,95,Idiopathic epilepsy,1,0,0
209,655,3,GBD reporting,546,3,neuro_ms,Multiple sclerosis,Multiple sclerosis,MS,542,_neuro,"294,409,542,546",209,B.5.4,1,1,1,1,NA,5,95,NA,5,95,Multiple sclerosis,1,0,0
210,655,3,GBD reporting,554,3,neuro_neurone,Motor neuron disease,Motor neuron disease,ALS,542,_neuro,"294,409,542,554",210,B.5.5,1,1,1,1,NA,0,95,NA,0,95,Motor neuron disease,1,0,0
211,655,3,GBD reporting,972,3,neuro_headach,Headache disorders,Headache disorders,Headaches,542,_neuro,"294,409,542,972",211,B.5.6,0,0,1,1,NA,NA,NA,1,5,95,Headache disorders,0,0,0
212,655,3,GBD reporting,547,4,neuro_migraine,Migraine,Migraine,Migraine,972,neuro_headach,"294,409,542,972,547",212,B.5.6.1,1,1,1,1,NA,NA,NA,1,5,95,Migraine,0,0,0
213,655,3,GBD reporting,548,4,neuro_tensache,Tension-type headache,Tension headache,Tens Head,972,neuro_headach,"294,409,542,972,548",213,B.5.6.2,1,1,1,1,NA,NA,NA,1,5,95,Tension-type headache,0,0,0
214,655,3,GBD reporting,557,3,neuro_other,Other neurological disorders,Other neurological,Oth Neuro,542,_neuro,"294,409,542,557",214,B.5.7,1,1,1,1,NA,0,95,NA,0,95,Other neurological disorders,1,0,0
215,655,3,GBD reporting,558,2,_mental,Mental disorders,Mental disorders,Mental,409,_ncd,"294,409,558",215,B.6,0,0,1,1,NA,5,95,NA,0,95,Mental disorders,0,0,0
216,655,3,GBD reporting,559,3,mental_schizo,Schizophrenia,Schizophrenia,Schiz,558,_mental,"294,409,558,559",216,B.6.1,1,1,1,1,NA,NA,NA,1,10,95,Schizophrenia,0,0,0
217,655,3,GBD reporting,567,3,mental_unipolar,Depressive disorders,Depressive disorders,Depression,558,_mental,"294,409,558,567",217,B.6.2,1,0,1,1,NA,NA,NA,1,2,95,Depressive disorders,0,0,0
218,655,3,GBD reporting,568,4,mental_unipolar_mdd,Major depressive disorder,Major depression,MDD,567,mental_unipolar,"294,409,558,567,568",218,B.6.2.1,1,1,1,1,NA,NA,NA,1,2,95,Major depressive disorder,0,0,0
219,655,3,GBD reporting,569,4,mental_unipolar_dys,Dysthymia,Dysthymia,Dysthymia,567,mental_unipolar,"294,409,558,567,569",219,B.6.2.2,1,1,1,1,NA,NA,NA,1,2,95,Dysthymia,0,0,0
220,655,3,GBD reporting,570,3,mental_bipolar,Bipolar disorder,Bipolar disorder,Bipolar,558,_mental,"294,409,558,570",220,B.6.3,1,1,1,1,NA,NA,NA,1,10,95,Bipolar disorder,0,0,0
221,655,3,GBD reporting,571,3,mental_anxiety,Anxiety disorders,Anxiety disorders,Anxiety,558,_mental,"294,409,558,571",221,B.6.4,1,1,1,1,NA,NA,NA,1,2,95,Anxiety disorders,0,0,0
222,655,3,GBD reporting,572,3,mental_eating,Eating disorders,Eating disorders,Eating,558,_mental,"294,409,558,572",222,B.6.5,0,0,1,1,NA,5,45,NA,5,45,Eating disorders,0,0,0
223,655,3,GBD reporting,573,4,mental_eating_anorexia,Anorexia nervosa,Anorexia nervosa,Anorexia,572,mental_eating,"294,409,558,572,573",223,B.6.5.1,1,1,1,1,NA,5,45,NA,5,45,Anorexia nervosa,1,0,0
224,655,3,GBD reporting,574,4,mental_eating_bulimia,Bulimia nervosa,Bulimia nervosa,Bulimia,572,mental_eating,"294,409,558,572,574",224,B.6.5.2,1,1,1,1,NA,NA,NA,1,5,45,Bulimia nervosa,0,0,0
225,655,3,GBD reporting,575,3,mental_pdd,Autism spectrum disorders,Autism spectrum,ASD,558,_mental,"294,409,558,575",225,B.6.6,1,1,1,1,NA,NA,NA,1,0,95,Autism spectrum disorders,0,0,0
226,655,3,GBD reporting,578,3,mental_adhd,Attention-deficit/hyperactivity disorder,ADHD,ADHD,558,_mental,"294,409,558,578",226,B.6.7,1,1,1,1,NA,NA,NA,1,2,95,Attention-deficit/hyperactivity disorder,0,0,0
227,655,3,GBD reporting,579,3,mental_conduct,Conduct disorder,Conduct disorder,Conduct,558,_mental,"294,409,558,579",227,B.6.8,1,1,1,1,NA,NA,NA,1,5,20,Conduct disorder,0,0,0
228,655,3,GBD reporting,582,3,mental_id,Idiopathic developmental intellectual disability,Intellectual disability,ID,558,_mental,"294,409,558,582",228,B.6.9,1,1,1,1,NA,NA,NA,1,0,95,Idiopathic developmental intellectual disability,0,0,0
229,655,3,GBD reporting,585,3,mental_other,Other mental disorders,Other mental disorders,Oth Ment,558,_mental,"294,409,558,585",229,B.6.10,1,1,1,1,NA,NA,NA,1,2,95,Other mental disorders,0,0,0
230,655,3,GBD reporting,973,2,_subs,Substance use disorders,Substance use,Subs Use,409,_ncd,"294,409,973",230,B.7,0,0,1,1,NA,0,95,NA,0,95,Substance use disorders,0,0,0
231,655,3,GBD reporting,560,3,mental_alcohol,Alcohol use disorders,Alcohol use disorders,Alcohol,973,_subs,"294,409,973,560",231,B.7.1,1,1,1,1,NA,0,95,NA,0,95,Alcohol use disorders,1,0,0
232,655,3,GBD reporting,561,3,mental_drug,Drug use disorders,Drug use disorders,Drugs,973,_subs,"294,409,973,561",232,B.7.2,1,0,1,1,NA,0,95,NA,10,95,Drug use disorders,1,0,0
233,655,3,GBD reporting,562,4,mental_drug_opioids,Opioid use disorders,Opioid use disorders,Opioids,561,mental_drug,"294,409,973,561,562",233,B.7.2.1,1,1,1,1,NA,0,95,NA,10,95,Opioid use disorders,1,0,0
234,655,3,GBD reporting,563,4,mental_drug_cocaine,Cocaine use disorders,Cocaine use disorders,Cocaine,561,mental_drug,"294,409,973,561,563",234,B.7.2.2,1,1,1,1,NA,10,95,NA,10,95,Cocaine use disorders,1,0,0
235,655,3,GBD reporting,564,4,mental_drug_amphet,Amphetamine use disorders,Amphetamine use disorders,Amphet,561,mental_drug,"294,409,973,561,564",235,B.7.2.3,1,1,1,1,NA,10,95,NA,10,95,Amphetamine use disorders,1,0,0
236,655,3,GBD reporting,565,4,mental_drug_cannabis,Cannabis use disorders,Cannabis use disorders,Cannabis,561,mental_drug,"294,409,973,561,565",236,B.7.2.4,1,1,1,1,NA,NA,NA,1,10,95,Cannabis use disorders,0,0,0
237,655,3,GBD reporting,566,4,mental_drug_other,Other drug use disorders,Other drug use disorders,Oth Drug,561,mental_drug,"294,409,973,561,566",237,B.7.2.5,1,1,1,1,NA,10,95,NA,10,95,Other drug use disorders,1,0,0
238,655,3,GBD reporting,974,2,diab_ckd,Diabetes and kidney diseases,Diabetes & CKD,Diabetes+CKD,409,_ncd,"294,409,974",238,B.8,0,0,1,1,NA,0,95,NA,0,95,Diabetes and kidney diseases,0,0,0
239,655,3,GBD reporting,587,3,diabetes,Diabetes mellitus,Diabetes,Diabetes,974,diab_ckd,"294,409,974,587",239,B.8.1,1,0,1,1,NA,0.1,95,NA,0,95,Diabetes mellitus,1,0,0
240,655,3,GBD reporting,975,4,diabetes_typ1,Diabetes mellitus type 1,Diabetes type 1,Diabetes 1,587,diabetes,"294,409,974,587,975",240,B.8.1.1,1,1,1,1,NA,0.1,95,NA,0,95,Diabetes mellitus type 1,1,0,0
241,655,3,GBD reporting,976,4,diabetes_typ2,Diabetes mellitus type 2,Diabetes type 2,Diabetes 2,587,diabetes,"294,409,974,587,976",241,B.8.1.2,1,1,1,1,NA,15,95,NA,15,95,Diabetes mellitus type 2,1,0,0
242,655,3,GBD reporting,589,3,ckd,Chronic kidney disease,Chronic kidney disease,CKD,974,diab_ckd,"294,409,974,589",242,B.8.2,1,0,1,1,NA,0,95,NA,0,95,Chronic kidney disease,1,0,0
243,655,3,GBD reporting,997,4,ckd_diabetes_typ1,Chronic kidney disease due to diabetes mellitus type 1,CKD due to diabetes type 1,CKD Diabetes1,589,ckd,"294,409,974,589,997",243,B.8.2.1,1,1,1,1,NA,0,95,NA,0,95,Chronic kidney disease due to diabetes mellitus type 1,1,0,0
244,655,3,GBD reporting,998,4,ckd_diabetes_typ2,Chronic kidney disease due to diabetes mellitus type 2,CKD due to diabetes type 2,CKD Diabetes2,589,ckd,"294,409,974,589,998",244,B.8.2.2,1,1,1,1,NA,15,95,NA,15,95,Chronic kidney disease due to diabetes mellitus type 2,1,0,0
245,655,3,GBD reporting,591,4,ckd_htn,Chronic kidney disease due to hypertension,Hypertensive CKD,HTN CKD,589,ckd,"294,409,974,589,591",245,B.8.2.3,1,1,1,1,NA,15,95,NA,15,95,Chronic kidney disease due to hypertension,1,0,0
246,655,3,GBD reporting,592,4,ckd_glomerulo,Chronic kidney disease due to glomerulonephritis,Glomerulonephritis CKD,GN CKD,589,ckd,"294,409,974,589,592",246,B.8.2.4,1,1,1,1,NA,0,95,NA,0,95,Chronic kidney disease due to glomerulonephritis,1,0,0
247,655,3,GBD reporting,593,4,ckd_other,Chronic kidney disease due to other and unspecified causes,Other CKD,Oth CKD,589,ckd,"294,409,974,589,593",247,B.8.2.5,1,1,1,1,NA,0,95,NA,0,95,Chronic kidney disease due to other and unspecified causes,1,0,0
248,655,3,GBD reporting,588,3,glomerulo,Acute glomerulonephritis,Acute glomerulonephritis,AGN,974,diab_ckd,"294,409,974,588",248,B.8.3,1,1,1,1,NA,0,95,NA,0,95,Acute glomerulonephritis,1,0,0
249,655,3,GBD reporting,653,2,skin,Skin and subcutaneous diseases,Skin diseases,Skin,409,_ncd,"294,409,653",249,B.9,1,0,1,1,NA,0,95,NA,0,95,Skin and subcutaneous diseases,1,0,0
250,655,3,GBD reporting,654,3,skin_eczema,Dermatitis,Dermatitis,Dermatitis,653,skin,"294,409,653,654",250,B.9.1,1,0,1,1,NA,NA,NA,1,1,95,Dermatitis,0,0,0
251,655,3,GBD reporting,977,4,skin_eczema_atopy,Atopic dermatitis,Atopic derm,Atopic Derm,654,skin_eczema,"294,409,653,654,977",251,B.9.1.1,1,1,1,1,NA,NA,NA,1,1,95,Atopic dermatitis,0,0,0
252,655,3,GBD reporting,978,4,skin_eczema_contact,Contact dermatitis,Contact derm,Contact Derm,654,skin_eczema,"294,409,653,654,978",252,B.9.1.2,1,1,1,1,NA,NA,NA,1,1,95,Contact dermatitis,0,0,0
253,655,3,GBD reporting,979,4,skin_eczema_sebor,Seborrhoeic dermatitis,Seborrhoeic derm,Seborr Derm,654,skin_eczema,"294,409,653,654,979",253,B.9.1.3,1,1,1,1,NA,NA,NA,1,2,95,Seborrhoeic dermatitis,0,0,0
254,655,3,GBD reporting,655,3,skin_psoriasis,Psoriasis,Psoriasis,Psoriasis,653,skin,"294,409,653,655",254,B.9.2,1,1,1,1,NA,NA,NA,1,2,95,Psoriasis,0,0,0
255,655,3,GBD reporting,980,3,skin_infect,Bacterial skin diseases,Bacterial skin,Bac Skin,653,skin,"294,409,653,980",255,B.9.3,1,0,1,1,NA,0,95,NA,0,95,Bacterial skin diseases,1,0,0
256,655,3,GBD reporting,656,4,skin_cellulitis,Cellulitis,Cellulitis,Cellulitis,980,skin_infect,"294,409,653,980,656",256,B.9.3.1,1,1,1,1,NA,0,95,NA,0,95,Cellulitis,1,0,0
257,655,3,GBD reporting,657,4,skin_bacterial,Pyoderma,Pyoderma,Pyoderma,980,skin_infect,"294,409,653,980,657",257,B.9.3.2,1,1,1,1,NA,0,95,NA,0,95,Pyoderma,1,0,0
258,655,3,GBD reporting,658,3,skin_scabies,Scabies,Scabies,Scabies,653,skin,"294,409,653,658",258,B.9.4,1,1,1,1,NA,NA,NA,1,0,95,Scabies,0,0,0
259,655,3,GBD reporting,659,3,skin_fungal,Fungal skin diseases,Fungal skin diseases,Skin Fung,653,skin,"294,409,653,659",259,B.9.5,1,1,1,1,NA,NA,NA,1,0,95,Fungal skin diseases,0,0,0
260,655,3,GBD reporting,660,3,skin_viral,Viral skin diseases,Viral skin diseases,Skin Viral,653,skin,"294,409,653,660",260,B.9.6,1,1,1,1,NA,NA,NA,1,1,95,Viral skin diseases,0,0,0
261,655,3,GBD reporting,661,3,skin_acne,Acne vulgaris,Acne vulgaris,Acne,653,skin,"294,409,653,661",261,B.9.7,1,1,1,1,NA,NA,NA,1,5,95,Acne vulgaris,0,0,0
262,655,3,GBD reporting,662,3,skin_alopecia,Alopecia areata,Alopecia areata,Alopecia,653,skin,"294,409,653,662",262,B.9.8,1,1,1,1,NA,NA,NA,1,2,95,Alopecia areata,0,0,0
263,655,3,GBD reporting,663,3,skin_pruritus,Pruritus,Pruritus,Pruritus,653,skin,"294,409,653,663",263,B.9.9,1,1,1,1,NA,NA,NA,1,0,95,Pruritus,0,0,0
264,655,3,GBD reporting,664,3,skin_urticaria,Urticaria,Urticaria,Urticaria,653,skin,"294,409,653,664",264,B.9.10,1,1,1,1,NA,NA,NA,1,0,95,Urticaria,0,0,0
265,655,3,GBD reporting,665,3,skin_decubitus,Decubitus ulcer,Decubitus ulcer,Decubitus,653,skin,"294,409,653,665",265,B.9.11,1,1,1,1,NA,2,95,NA,2,95,Decubitus ulcer,1,0,0
266,655,3,GBD reporting,668,3,skin_other,Other skin and subcutaneous diseases,Other skin diseases,Oth Skin,653,skin,"294,409,653,668",266,B.9.12,1,1,1,1,NA,0,95,NA,0,95,Other skin and subcutaneous diseases,1,0,0
267,655,3,GBD reporting,669,2,_sense,Sense organ diseases,Sense organ diseases,Sense,409,_ncd,"294,409,669",267,B.10,0,0,1,1,NA,NA,NA,1,0,95,Sense organ diseases,0,0,0
268,655,3,GBD reporting,981,3,sense_visionlos,Blindness and vision loss,Blindness and vision loss,Blindness,669,_sense,"294,409,669,981",268,B.10.1,0,0,1,1,NA,NA,NA,1,0,95,Blindness and vision loss,0,0,0
269,655,3,GBD reporting,670,4,sense_glaucoma,Glaucoma,Glaucoma,Glaucoma,981,sense_visionlos,"294,409,669,981,670",269,B.10.1.1,1,1,1,1,NA,NA,NA,1,20,95,Glaucoma,0,0,0
270,655,3,GBD reporting,671,4,sense_cataract,Cataract,Cataract,Cataract,981,sense_visionlos,"294,409,669,981,671",270,B.10.1.2,1,1,1,1,NA,NA,NA,1,20,95,Cataract,0,0,0
271,655,3,GBD reporting,672,4,sense_macular,Age-related macular degeneration,Age-related macular degeneration,Macular,981,sense_visionlos,"294,409,669,981,672",271,B.10.1.3,1,1,1,1,NA,NA,NA,1,45,95,Age-related macular degeneration,0,0,0
272,655,3,GBD reporting,999,4,sense_refrac_dis,Refraction disorders,Refraction disorders,Refraction,981,sense_visionlos,"294,409,669,981,999",272,B.10.1.4,1,1,1,1,NA,NA,NA,1,0,95,Refraction disorders,0,0,0
273,655,3,GBD reporting,1000,4,sense_presbyopia,Near vision loss,Near vision loss,Near vision,981,sense_visionlos,"2,944,096,699,811,000",273,B.10.1.5,1,1,1,1,NA,NA,NA,1,0,95,Near vision loss,0,0,0
274,655,3,GBD reporting,675,4,sense_vision,Other vision loss,Other vision loss,Oth Vision,981,sense_visionlos,"294,409,669,981,675",274,B.10.1.6,1,1,1,1,NA,NA,NA,1,0,95,Other vision loss,0,0,0
275,655,3,GBD reporting,674,3,sense_hearing,Age-related and other hearing loss,Age-related hearing loss,Hearing,669,_sense,"294,409,669,674",275,B.10.2,1,1,1,1,NA,NA,NA,1,0,95,Age-related and other hearing loss,0,0,0
276,655,3,GBD reporting,679,3,sense_other,Other sense organ diseases,Other sense organ,Oth Sense,669,_sense,"294,409,669,679",276,B.10.3,1,1,1,1,NA,NA,NA,1,0,95,Other sense organ diseases,0,0,0
277,655,3,GBD reporting,626,2,msk,Musculoskeletal disorders,Musculoskeletal disorders,MSK,409,_ncd,"294,409,626",277,B.11,1,0,1,1,NA,0.1,95,NA,0.1,95,Musculoskeletal disorders,1,0,0
278,655,3,GBD reporting,627,3,msk_rheumarthritis,Rheumatoid arthritis,Rheumatoid arthritis,Rheu Arth,626,msk,"294,409,626,627",278,B.11.1,1,1,1,1,NA,5,95,NA,5,95,Rheumatoid arthritis,1,0,0
279,655,3,GBD reporting,628,3,msk_osteoarthritis,Osteoarthritis,Osteoarthritis,Osteoarth,626,msk,"294,409,626,628",279,B.11.2,1,0,1,1,NA,NA,NA,1,30,95,Osteoarthritis,0,0,0
280,655,3,GBD reporting,1014,4,msk_osteo_hip,Osteoarthritis hip,Osteoarthritis hip,Osteoarth Hip,628,msk_osteoarthritis,"2,944,096,266,281,010",280,B.11.2.1,1,1,1,1,NA,NA,NA,1,30,95,Osteoarthritis hip,0,0,0
281,655,3,GBD reporting,1015,4,msk_osteo_knee,Osteoarthritis knee,Osteoarthritis knee,Osteoarth Knee,628,msk_osteoarthritis,"2,944,096,266,281,010",281,B.11.2.2,1,1,1,1,NA,NA,NA,1,30,95,Osteoarthritis knee,0,0,0
282,655,3,GBD reporting,1016,4,msk_osteo_hand_foot,Osteoarthritis hand,Osteoarthritis hand,Osteoarth Hand,628,msk_osteoarthritis,"2,944,096,266,281,010",282,B.11.2.3,1,1,1,1,NA,NA,NA,1,30,95,Osteoarthritis Hand,0,0,0
283,655,3,GBD reporting,1017,4,msk_osteo_other,Osteoarthritis other,Osteoarthritis other,Osteoarth Oth,628,msk_osteoarthritis,"2,944,096,266,281,010",283,B.11.2.4,1,1,1,1,NA,NA,NA,1,30,95,Osteoarthritis other,0,0,0
284,655,3,GBD reporting,630,3,msk_pain_lowback,Low back pain,Low back pain,Back Pain,626,msk,"294,409,626,630",284,B.11.3,1,1,1,1,NA,NA,NA,1,5,95,Low back pain,0,0,0
285,655,3,GBD reporting,631,3,msk_pain_neck,Neck pain,Neck pain,Neck Pain,626,msk,"294,409,626,631",285,B.11.4,1,1,1,1,NA,NA,NA,1,5,95,Neck pain,0,0,0
286,655,3,GBD reporting,632,3,msk_gout,Gout,Gout,Gout,626,msk,"294,409,626,632",286,B.11.5,1,1,1,1,NA,NA,NA,1,15,95,Gout,0,0,0
287,655,3,GBD reporting,639,3,msk_other,Other musculoskeletal disorders,Other musculoskeletal,Oth MSK,626,msk,"294,409,626,639",287,B.11.6,1,1,1,1,NA,0.1,95,NA,0.1,95,Other musculoskeletal disorders,1,0,0
288,655,3,GBD reporting,640,2,_otherncd,Other non-communicable diseases,Other non-communicable,Oth NCD,409,_ncd,"294,409,640",288,B.12,0,0,1,1,NA,0,95,NA,0,95,Other non-communicable diseases,0,0,0
289,655,3,GBD reporting,641,3,cong,Congenital birth defects,Congenital defects,Congenital,640,_otherncd,"294,409,640,641",289,B.12.1,1,0,1,1,NA,0,65,NA,0,95,Congenital birth defects,1,0,0
290,655,3,GBD reporting,642,4,cong_neural,Neural tube defects,Neural tube defects,Neur Tube,641,cong,"294,409,640,641,642",290,B.12.1.1,1,1,1,1,NA,0,65,NA,0,95,Neural tube defects,1,0,0
291,655,3,GBD reporting,643,4,cong_heart,Congenital heart anomalies,Congenital heart,Cong Heart,641,cong,"294,409,640,641,643",291,B.12.1.2,1,1,1,1,NA,0,65,NA,0,95,Congenital heart anomalies,1,0,0
292,655,3,GBD reporting,644,4,cong_cleft,Orofacial clefts,Orofacial clefts,Cleft,641,cong,"294,409,640,641,644",292,B.12.1.3,1,1,1,1,NA,0,2,NA,0,95,Orofacial clefts,1,0,0
293,655,3,GBD reporting,645,4,cong_downs,Down syndrome,Down syndrome,Down,641,cong,"294,409,640,641,645",293,B.12.1.4,1,1,1,1,NA,0,65,NA,0,65,Down syndrome,1,0,0
294,655,3,GBD reporting,646,4,cong_turner,Turner syndrome,Turner syndrome,Turner,641,cong,"294,409,640,641,646",294,B.12.1.5,1,1,0,1,NA,NA,NA,1,0,95,Turner syndrome,0,0,0
295,655,3,GBD reporting,647,4,cong_klinefelter,Klinefelter syndrome,Klinefelter syndrome,Klinefelter,641,cong,"294,409,640,641,647",295,B.12.1.6,1,1,1,0,NA,NA,NA,1,0,95,Klinefelter syndrome,0,0,0
296,655,3,GBD reporting,648,4,cong_chromo,Other chromosomal abnormalities,Chromosomal unbalanced,Chrom Unb,641,cong,"294,409,640,641,648",296,B.12.1.7,1,1,1,1,NA,0,65,NA,0,65,Other chromosomal abnormalities,1,0,0
297,655,3,GBD reporting,649,4,cong_msk,Congenital musculoskeletal and limb anomalies,Congenital musculoskeletal,Cong MSK,641,cong,"294,409,640,641,649",297,B.12.1.8,1,1,1,1,NA,0,65,NA,0,95,Congenital musculoskeletal and limb anomalies,1,0,0
298,655,3,GBD reporting,650,4,cong_urogenital,Urogenital congenital anomalies,Urogenital congenital,Cong Urogen,641,cong,"294,409,640,641,650",298,B.12.1.9,1,1,1,1,NA,0,65,NA,0,95,Urogenital congenital anomalies,1,0,0
299,655,3,GBD reporting,651,4,cong_digestive,Digestive congenital anomalies,Digestive cong anomalies,Digest Anom,641,cong,"294,409,640,641,651",299,B.12.1.10,1,1,1,1,NA,0,65,NA,0,95,Digestive congenital anomalies,1,0,0
300,655,3,GBD reporting,652,4,cong_other,Other congenital birth defects,Other congenital,Oth Cong,641,cong,"294,409,640,641,652",300,B.12.1.11,1,1,1,1,NA,0,65,NA,0,95,Other congenital birth defects,1,0,0
301,655,3,GBD reporting,594,3,urinary,Urinary diseases and male infertility,Urinary diseases,Urinary,640,_otherncd,"294,409,640,594",301,B.12.2,1,0,1,1,NA,0,95,NA,0,95,Urinary diseases and male infertility,1,0,0
302,655,3,GBD reporting,595,4,urinary_nephritis,Urinary tract infections and interstitial nephritis,Urinary tract infections and interstitial nephritis,UTI and interstitial nephritis,594,urinary,"294,409,640,594,595",302,B.12.2.1,1,1,1,1,NA,0,95,NA,0,95,Urinary tract infections and interstitial nephritis,1,0,0
303,655,3,GBD reporting,596,4,urinary_urolithiasis,Urolithiasis,Urolithiasis,Urolith,594,urinary,"294,409,640,594,596",303,B.12.2.2,1,1,1,1,NA,2,95,NA,2,95,Urolithiasis,1,0,0
304,655,3,GBD reporting,597,4,urinary_bph,Benign prostatic hyperplasia,BPH,BPH,594,urinary,"294,409,640,594,597",304,B.12.2.3,1,1,1,0,NA,NA,NA,1,40,95,Benign prostatic hyperplasia,0,0,0
305,655,3,GBD reporting,598,4,urinary_maleinfert,Male infertility,Male infertility,Infert M,594,urinary,"294,409,640,594,598",305,B.12.2.4,1,1,1,0,NA,NA,NA,1,15,45,Male infertility,0,0,0
306,655,3,GBD reporting,602,4,urinary_other,Other urinary diseases,Other urinary diseases,Oth Urin,594,urinary,"294,409,640,594,602",306,B.12.2.5,1,1,1,1,NA,0,95,NA,0,95,Other urinary diseases,1,0,0
307,655,3,GBD reporting,603,3,gyne,Gynecological diseases,Gynecological diseases,Gyne,640,_otherncd,"294,409,640,603",307,B.12.3,1,0,0,1,NA,10,95,NA,10,95,Gynecological diseases,1,0,0
308,655,3,GBD reporting,604,4,gyne_fibroids,Uterine fibroids,Uterine fibroids,Fibroids,603,gyne,"294,409,640,603,604",308,B.12.3.1,1,1,0,1,NA,10,95,NA,10,95,Uterine fibroids,1,0,0
309,655,3,GBD reporting,605,4,gyne_polycystic,Polycystic ovarian syndrome,Polycystic ovary syndrome,PCOS,603,gyne,"294,409,640,603,605",309,B.12.3.2,1,1,0,1,NA,NA,NA,1,10,50,Polycystic ovarian syndrome,0,0,0
310,655,3,GBD reporting,606,4,gyne_femaleinfert,Female infertility,Female infertility,Infert F,603,gyne,"294,409,640,603,606",310,B.12.3.3,1,1,0,1,NA,NA,NA,1,15,45,Female infertility,0,0,0
311,655,3,GBD reporting,607,4,gyne_endometr,Endometriosis,Endometriosis,Endomet,603,gyne,"294,409,640,603,607",311,B.12.3.4,1,1,0,1,NA,10,50,NA,10,50,Endometriosis,1,0,0
312,655,3,GBD reporting,608,4,gyne_prolapse,Genital prolapse,Genital prolapse,Prolapse,603,gyne,"294,409,640,603,608",312,B.12.3.5,1,1,0,1,NA,10,95,NA,10,95,Genital prolapse,1,0,0
313,655,3,GBD reporting,609,4,gyne_pms,Premenstrual syndrome,Premenstrual syndrome,PMS,603,gyne,"294,409,640,603,609",313,B.12.3.6,1,1,0,1,NA,NA,NA,1,10,50,Premenstrual syndrome,0,0,0
314,655,3,GBD reporting,612,4,gyne_other,Other gynecological diseases,Other gynecological,Oth Gyne,603,gyne,"294,409,640,603,612",314,B.12.3.7,1,1,0,1,NA,10,95,NA,10,95,Other gynecological diseases,1,0,0
315,655,3,GBD reporting,613,3,hemog,Hemoglobinopathies and hemolytic anemias,Hemoglobinopathies,Hemog,640,_otherncd,"294,409,640,613",315,B.12.4,1,0,1,1,NA,0,95,NA,0,95,Hemoglobinopathies and hemolytic anaemias,1,0,0
316,655,3,GBD reporting,614,4,hemog_thalass,Thalassemias,Thalassemia,Thalass,613,hemog,"294,409,640,613,614",316,B.12.4.1,1,1,1,1,NA,0,95,NA,0,95,Thalassaemias,1,0,0
317,655,3,GBD reporting,837,4,hemog_thalasstrait,Thalassemias trait,Thalassemia trait,Thalass Trait,613,hemog,"294,409,640,613,837",317,B.12.4.2,1,1,1,1,NA,NA,NA,1,0,95,Thalassaemias trait,0,0,0
318,655,3,GBD reporting,615,4,hemog_sickle,Sickle cell disorders,Sickle cell,Sickle,613,hemog,"294,409,640,613,615",318,B.12.4.3,1,1,1,1,NA,0,95,NA,0,95,Sickle cell disorders,1,0,0
319,655,3,GBD reporting,838,4,hemog_sickletrait,Sickle cell trait,Sickle cell trait,Sickle Trait,613,hemog,"294,409,640,613,838",319,B.12.4.4,1,1,1,1,NA,NA,NA,1,0,95,Sickle cell trait,0,0,0
320,655,3,GBD reporting,616,4,hemog_g6pd,G6PD deficiency,G6PD deficiency,G6PD,613,hemog,"294,409,640,613,616",320,B.12.4.5,1,1,1,1,NA,0,95,NA,0,95,G6PD deficiency,1,0,0
321,655,3,GBD reporting,839,4,hemog_g6pdtrait,G6PD trait,G6PD trait,G6PD Trait,613,hemog,"294,409,640,613,839",321,B.12.4.6,1,1,1,1,NA,NA,NA,1,0,95,G6PD trait,0,0,0
322,655,3,GBD reporting,618,4,hemog_other,Other hemoglobinopathies and hemolytic anemias,Other hemoglobinopathies,Oth Hem,613,hemog,"294,409,640,613,618",322,B.12.4.7,1,1,1,1,NA,0,95,NA,0,95,Other hemoglobinopathies and hemolytic anaemias,1,0,0
323,655,3,GBD reporting,619,3,endo,"Endocrine, metabolic, blood, and immune disorders",Endo/metab/blood/immune,Endocrine,640,_otherncd,"294,409,640,619",323,B.12.5,1,1,1,1,NA,0,95,NA,0,95,"Endocrine, metabolic, blood, and immune disorders",1,0,0
324,655,3,GBD reporting,680,3,_oral,Oral disorders,Oral disorders,Oral,640,_otherncd,"294,409,640,680",324,B.12.6,0,0,1,1,NA,NA,NA,1,1,95,Oral disorders,0,0,0
325,655,3,GBD reporting,681,4,oral_decidcaries,Caries of deciduous teeth,Deciduous caries,Dec Caries,680,_oral,"294,409,640,680,681",325,B.12.6.1,1,1,1,1,NA,NA,NA,1,1,10,Caries of deciduous teeth,0,0,0
326,655,3,GBD reporting,682,4,oral_permcaries,Caries of permanent teeth,Permanent caries,Per Caries,680,_oral,"294,409,640,680,682",326,B.12.6.2,1,1,1,1,NA,NA,NA,1,5,95,Caries of permanent teeth,0,0,0
327,655,3,GBD reporting,683,4,oral_perio,Periodontal diseases,Periodontal diseases,Period,680,_oral,"294,409,640,680,683",327,B.12.6.3,1,1,1,1,NA,NA,NA,1,15,95,Periodontal disease,0,0,0
328,655,3,GBD reporting,684,4,oral_edent,Edentulism,Edentulism,Edentul,680,_oral,"294,409,640,680,684",328,B.12.6.4,1,1,1,1,NA,NA,NA,1,20,95,Edentulism,0,0,0
329,655,3,GBD reporting,685,4,oral_other,Other oral disorders,Other oral disorders,Other Oral,680,_oral,"294,409,640,680,685",329,B.12.6.5,1,1,1,1,NA,NA,NA,1,2,95,Other oral disorders,0,0,0
330,655,3,GBD reporting,686,3,sids,Sudden infant death syndrome,SIDS,SIDS,640,_otherncd,"294,409,640,686",330,B.12.7,1,1,1,1,1,0.01,0.5,NA,NA,NA,Sudden infant death syndrome,1,0,0
331,655,3,GBD reporting,687,1,_inj,Injuries,Injuries,Injuries,294,_all,"294,687",331,C,0,0,1,1,NA,0,95,NA,0,95,Injuries,0,0,0
332,655,3,GBD reporting,688,2,inj_trans,Transport injuries,Transport injuries,Trans Inj,687,_inj,"294,687,688",332,C.1,1,0,1,1,NA,0,95,NA,0,95,Transport injuries,1,0,0
333,655,3,GBD reporting,689,3,inj_trans_road,Road injuries,Road injuries,Road Inj,688,inj_trans,"294,687,688,689",333,C.1.1,1,0,1,1,NA,0,95,NA,0,95,Road injuries,1,0,0
334,655,3,GBD reporting,690,4,inj_trans_road_pedest,Pedestrian road injuries,Pedestrian road inj,Pedest,689,inj_trans_road,"294,687,688,689,690",334,C.1.1.1,1,1,1,1,NA,0,95,NA,0,95,Pedestrian road injuries,1,0,0
335,655,3,GBD reporting,691,4,inj_trans_road_pedal,Cyclist road injuries,Cyclist road inj,Cyclist,689,inj_trans_road,"294,687,688,689,691",335,C.1.1.2,1,1,1,1,NA,1,90,NA,1,90,Cyclist road injuries,1,0,0
336,655,3,GBD reporting,692,4,inj_trans_road_2wheel,Motorcyclist road injuries,Motorcyclist road inj,Mot Cyc,689,inj_trans_road,"294,687,688,689,692",336,C.1.1.3,1,1,1,1,NA,0,90,NA,0,90,Motorcyclist road injuries,1,0,0
337,655,3,GBD reporting,693,4,inj_trans_road_4wheel,Motor vehicle road injuries,Motor vehicle road inj,Mot Veh,689,inj_trans_road,"294,687,688,689,693",337,C.1.1.4,1,1,1,1,NA,0,95,NA,0,95,Motor vehicle road injuries,1,0,0
338,655,3,GBD reporting,694,4,inj_trans_road_other,Other road injuries,Other road inj,Oth Road,689,inj_trans_road,"294,687,688,689,694",338,C.1.1.5,1,1,1,1,NA,0,95,NA,0,95,Other road injuries,1,0,0
339,655,3,GBD reporting,695,3,inj_trans_other,Other transport injuries,Other transport inj,Oth Trans,688,inj_trans,"294,687,688,695",339,C.1.2,1,1,1,1,NA,0,95,NA,0,95,Other transport injuries,1,1,0
340,655,3,GBD reporting,696,2,_unintent,Unintentional injuries,Unintentional inj,Unint Inj,687,_inj,"294,687,696",340,C.2,0,0,1,1,NA,0,95,NA,0,95,Unintentional injuries,0,0,0
341,655,3,GBD reporting,697,3,inj_falls,Falls,Falls,Falls,696,_unintent,"294,687,696,697",341,C.2.1,1,1,1,1,NA,0,95,NA,0,95,Falls,1,0,0
342,655,3,GBD reporting,698,3,inj_drowning,Drowning,Drowning,Drown,696,_unintent,"294,687,696,698",342,C.2.2,1,1,1,1,NA,0,95,NA,0,95,Drowning,1,0,0
343,655,3,GBD reporting,699,3,inj_fires,"Fire, heat, and hot substances",Fire & heat,Fire,696,_unintent,"294,687,696,699",343,C.2.3,1,1,1,1,NA,0,95,NA,0,95,"Fire, heat, and hot substances",1,1,0
344,655,3,GBD reporting,700,3,inj_poisoning,Poisonings,Poisonings,Poison,696,_unintent,"294,687,696,700",344,C.2.4,1,0,1,1,NA,0,95,NA,0,95,Poisonings,1,0,0
345,655,3,GBD reporting,701,4,inj_poisoning_gas,Poisoning by carbon monoxide,Poisoning by carbon monoxide,Inj Pois CO,700,inj_poisoning,"294,687,696,700,701",345,C.2.4.1,1,1,1,1,NA,0,95,NA,0,95,Poisoning by carbon monoxide,1,0,0
346,655,3,GBD reporting,703,4,inj_poisoning_other,Poisoning by other means,Poisoning by other means,Inj Pois Oth,700,inj_poisoning,"294,687,696,700,703",346,C.2.4.2,1,1,1,1,NA,0,95,NA,0,95,Poisoning by other means,1,1,0
347,655,3,GBD reporting,704,3,inj_mech,Exposure to mechanical forces,Mechanical forces,Mech,696,_unintent,"294,687,696,704",347,C.2.5,1,0,1,1,NA,0,95,NA,0,95,Exposure to mechanical forces,1,0,0
348,655,3,GBD reporting,705,4,inj_mech_gun,Unintentional firearm injuries,Unintentional firearm,Mech Gun,704,inj_mech,"294,687,696,704,705",348,C.2.5.1,1,1,1,1,NA,0,95,NA,0,95,Unintentional firearm injuries,1,0,0
349,655,3,GBD reporting,707,4,inj_mech_other,Other exposure to mechanical forces,Other mechanical forces,Oth Mech,704,inj_mech,"294,687,696,704,707",349,C.2.5.2,1,1,1,1,NA,0,95,NA,0,95,Other exposure to mechanical forces,1,1,0
350,655,3,GBD reporting,708,3,inj_medical,Adverse effects of medical treatment,Adverse medical treatment,Med Treat,696,_unintent,"294,687,696,708",350,C.2.6,1,1,1,1,NA,0,95,NA,0,95,Adverse effects of medical treatment,1,0,0
351,655,3,GBD reporting,709,3,inj_animal,Animal contact,Animal contact,Animal,696,_unintent,"294,687,696,709",351,C.2.7,1,0,1,1,NA,0,95,NA,0,95,Animal contact,1,0,0
352,655,3,GBD reporting,710,4,inj_animal_venom,Venomous animal contact,Venomous animal,Venom,709,inj_animal,"294,687,696,709,710",352,C.2.7.1,1,1,1,1,NA,0,95,NA,0,95,Venomous animal contact,1,0,0
353,655,3,GBD reporting,711,4,inj_animal_nonven,Non-venomous animal contact,Non-venomous animal,Non Ven,709,inj_animal,"294,687,696,709,711",353,C.2.7.2,1,1,1,1,NA,0,95,NA,0,95,Non-venomous animal contact,1,1,0
354,655,3,GBD reporting,712,3,inj_foreign,Foreign body,Foreign body,F Body,696,_unintent,"294,687,696,712",354,C.2.8,1,0,1,1,NA,0,95,NA,0,95,Foreign body,1,0,0
355,655,3,GBD reporting,713,4,inj_foreign_aspiration,Pulmonary aspiration and foreign body in airway,Pulmonary aspiration,F Body Asp,712,inj_foreign,"294,687,696,712,713",355,C.2.8.1,1,1,1,1,NA,0,95,NA,0,95,Pulmonary aspiration and foreign body in airway,1,0,0
356,655,3,GBD reporting,714,4,inj_foreign_eye,Foreign body in eyes,Foreign body in eye,F Body Eye,712,inj_foreign,"294,687,696,712,714",356,C.2.8.2,1,1,1,1,NA,NA,NA,1,0,95,Foreign body in eyes,0,0,0
357,655,3,GBD reporting,715,4,inj_foreign_other,Foreign body in other body part,Other foreign body,Oth F Body,712,inj_foreign,"294,687,696,712,715",357,C.2.8.3,1,1,1,1,NA,0,95,NA,0,95,Foreign body in other body part,1,0,0
358,655,3,GBD reporting,842,3,inj_non_disaster,Environmental heat and cold exposure,Environ heat and cold,Heat + cold,696,_unintent,"294,687,696,842",358,C.2.10,1,1,1,1,NA,0,95,NA,0,95,Environmental heat and cold exposure,1,1,0
359,655,3,GBD reporting,729,3,inj_disaster,Exposure to forces of nature,Nature disaster,Disaster,696,_unintent,"294,687,696,729",359,C.2.11,1,1,1,1,NA,0,95,NA,0,95,Exposure to forces of nature,1,2,0
360,655,3,GBD reporting,1056,3,inj_othunintent_reporting,Other unintentional injuries,Other unintentional,Oth Unint,696,_unintent,"2,946,876,961,056",360,C.2.12,1,1,1,1,NA,0,95,NA,0,95,Other unintentional injuries,1,0,0
361,655,3,GBD reporting,717,2,_intent,Self-harm and interpersonal violence,Self-harm & violence,Self-harm & IPV,687,_inj,"294,687,717",361,C.3,0,0,1,1,NA,0,95,NA,0,95,Self-harm and interpersonal violence,0,0,0
362,655,3,GBD reporting,718,3,inj_suicide,Self-harm,Self-harm,Self Harm,717,_intent,"294,687,717,718",362,C.3.1,1,0,1,1,NA,10,95,NA,10,95,Self-harm,1,0,0
363,655,3,GBD reporting,721,4,inj_suicide_firearm,Self-harm by firearm,Self-harm by firearm,Self Fire,718,inj_suicide,"294,687,717,718,721",363,C.3.1.1,1,1,1,1,NA,10,95,NA,10,95,Self-harm by firearm,1,0,0
364,655,3,GBD reporting,723,4,inj_suicide_other,Self-harm by other specified means,Self-harm other means,Self Other,718,inj_suicide,"294,687,717,718,723",364,C.3.1.2,1,1,1,1,NA,10,95,NA,10,95,Self-harm by other specified means,1,0,0
365,655,3,GBD reporting,724,3,inj_homicide,Interpersonal violence,Interpersonal violence,Violence,717,_intent,"294,687,717,724",365,C.3.2,1,0,1,1,NA,0,95,NA,0,95,Interpersonal violence,1,0,0
366,655,3,GBD reporting,725,4,inj_homicide_gun,Physical violence by firearm,Violence firearm,Viol Gun,724,inj_homicide,"294,687,717,724,725",366,C.3.2.1,1,1,1,1,NA,0,95,NA,0,95,Physical violence by firearm,1,1,0
367,655,3,GBD reporting,726,4,inj_homicide_knife,Physical violence by sharp object,Violence sharp object,Viol Knife,724,inj_homicide,"294,687,717,724,726",367,C.3.2.2,1,1,1,1,NA,0,95,NA,0,95,Physical violence by sharp object,1,1,0
368,655,3,GBD reporting,941,4,inj_homicide_sexual,Sexual violence,Sexual violence,Sex Viol,724,inj_homicide,"294,687,717,724,941",368,C.3.2.3,1,1,1,1,NA,NA,NA,1,0,95,Sexual violence,0,0,0
369,655,3,GBD reporting,727,4,inj_homicide_other,Physical violence by other means,Violence other means,Oth Viol,724,inj_homicide,"294,687,717,724,727",369,C.3.2.4,1,1,1,1,NA,0,95,NA,0,95,Physical violence by other means,1,1,0
370,655,3,GBD reporting,945,3,inj_war_warterror,Conflict and terrorism,Conflict & terror,Conflict Terror,717,_intent,"294,687,717,945",370,C.3.3,1,1,1,1,NA,0,95,NA,0,95,Conflict and terrorism,1,2,0
371,655,3,GBD reporting,854,3,inj_war_execution,Police conflict and executions,Execution & police,Exec & Police,717,_intent,"294,687,717,854",371,C.3.4,1,1,1,1,NA,0.1,95,NA,0.1,95,Police conflict and executions,1,1,0
372,655,3,GBD reporting,1058,1,_oth_pand,Other COVID-19 pandemic-related outcomes,Other COVID Outcomes,Oth COVID,294,_all,"2,941,058",372,D,1,1,1,1,1,0,95,NA,NA,NA,Other COVID-19 pandemic-related outcomes,1,2,0
373,655,3,GBD reporting,1029,1,total_cancer_reporting,Total cancers,Total cancers,Tot Cancer,294,_all,"2,941,029",373,E,1,1,1,1,NA,0,95,NA,0,95,Total cancers,0,0,0
374,655,3,GBD reporting,1026,1,total_hep_b_reporting,Total burden related to hepatitis B,Total burden related to hep B,Tot Hep B,294,_all,"2,941,026",374,F,1,1,1,1,NA,0.1,95,NA,0,95,Total burden related to hepatitis B,0,0,0
375,655,3,GBD reporting,1027,1,total_hep_c_reporting,Total burden related to hepatitis C,Total burden related to hep C,Tot Hep C,294,_all,"2,941,027",375,G,1,1,1,1,NA,0.1,95,NA,0,95,Total burden related to hepatitis C,0,0,0
376,655,3,GBD reporting,1028,1,total_NASH_reporting,Total burden related to Non-alcoholic fatty liver disease (NAFLD),Total burden related to NAFLD,Tot NAFLD,294,_all,"2,941,028",376,H,1,1,1,1,NA,15,95,NA,15,95,Total burden related to Non-alcoholic fatty liver disease (NAFLD),0,0,0
377,655,3,GBD reporting,1059,1,total_cancer_ex_NMSC_reporting,Total Cancers excluding Non-melanoma skin cancer,Total Cancers excluding NMSC,Tot Cancers ex NMSC,294,_all,"2,941,059",377,I,1,1,1,1,NA,0,95,NA,0,95,Total Cancers excluding Non-melanoma skin cancer,0,0,0
